<?xml version="1.0" encoding="UTF-8"?>
<!-- Foundation -->
<window id="126">
    <defaultcontrol always="true">450</defaultcontrol>
    

    <controls>

        <include>GlobalOverlay</include>

        <control type="group">
            <include>Animation.ZoomIn</include>
            <centerleft>50%</centerleft>
            <posy>90</posy>
            <height>900</height>
            <width>1080</width>
            <control type="image">
                <width>1080</width>
                <height>900</height>
                <texture border="16" colordiffuse="White100">common/rounded-shadow8.png</texture>
            </control>

            <control type="label" id="411">
                <description>Heading</description>
                <left>95</left>
                <width>1000</width>
                <posy>25</posy>
                <include>FontTop</include>
				<textcolor>Dark2</textcolor>
                <label>1023</label>
            </control>
			
			<control type="image">
				<top>40</top>
				<left>40</left>
				<width>40</width>
				<height>40</height>
				<colordiffuse>$VAR[ColorKodiLogo]</colordiffuse>
				<texture>buttons/kodi-logo.png</texture>
			</control>
			
			<!-- Lines -->
			<control type="image">
				<top>95</top>
				<left>40</left>
				<width>1000</width>
				<height>1</height>
				<bottom>10</bottom>
				<colordiffuse>Black12</colordiffuse>
				<texture>common/white.png</texture>
			</control>

            <control type="label" id="412">
                <description>Path</description>
                <bottom>10</bottom>
                <height>84</height>
                <aligny>center</aligny>
                <left>30</left>
                <width>750</width>
                <haspath>true</haspath>
                <font>Tiny</font>
                <textcolor>Black70</textcolor>
            </control>

            <control type="list" id="450">
                <posx>8</posx>
                <posy>120</posy>
                <width>700</width>
                <height>690</height>
                <onleft>9000</onleft>
                <onright>9000</onright>
                <onup>450</onup>
                <ondown>450</ondown>

                <itemlayout height="138">

                    <control type="image">
                        <posx>32</posx>
                        <posy>12</posy>
                        <width>111</width>
                        <height>111</height>
                        <aspectratio scalediffuse="false">scale</aspectratio>
                        <texture diffuse="diffuse/dialogselect.png" fallback="DefaultAddonNone.png">$INFO[Listitem.Icon]</texture>
                        <visible>!Skin.HasSetting(global.hidecirles) + !String.Contains(ListItem.Path,special://skin/extras/spinners)</visible>
                    </control>
                    <control type="image">
                        <posx>32</posx>
                        <posy>12</posy>
                        <width>111</width>
                        <height>111</height>
                        <aspectratio scalediffuse="false">keep</aspectratio>
                        <texture fallback="DefaultAddonNone.png">$INFO[Listitem.Icon]</texture>
                        <visible>Skin.HasSetting(global.hidecirles) + !String.Contains(ListItem.Path,special://skin/extras/spinners)</visible>
                    </control>
                    <control type="image">
                        <posx>32</posx>
                        <posy>12</posy>
                        <width>111</width>
                        <height>111</height>
                        <aspectratio scalediffuse="false">center</aspectratio>
                        <texture fallback="DefaultAddonNone.png" colordiffuse="$VAR[ColorHighlight]">$INFO[Listitem.FileNameAndPath]</texture>
                        <visible>String.Contains(ListItem.Path,special://skin/extras/spinners)</visible>
                    </control>

                    <control type="label">
                        <posy>-18</posy>
                        <posx>170</posx>
                        <width>496</width>
                        <height>135</height>
                        <font>SmallBold</font>
                        <textcolor>Black70</textcolor>
                        <selectedcolor>Black70</selectedcolor>
                        <info>ListItem.Label</info>
                        <animation effect="slide" end="0,18" condition="String.IsEmpty(ListItem.AddonSummary)">Conditional</animation>
                    </control>
                    <control type="label">
                        <posx>170</posx>
                        <posy>18</posy>
                        <width>496</width>
                        <height>135</height>
                        <font>Mini</font>
                        <textcolor>Black70</textcolor>
                        <selectedcolor>Black70</selectedcolor>
                        <label>$INFO[ListItem.AddonSummary]</label>
                    </control>

                </itemlayout>

                <focusedlayout height="138">
                    <control type="group">
                        <visible>!Control.HasFocus(450)</visible>
                        <control type="image">
                            <posx>32</posx>
                            <posy>12</posy>
                            <width>111</width>
                            <height>111</height>
                            <aspectratio scalediffuse="false">scale</aspectratio>
                            <texture diffuse="diffuse/dialogselect.png" fallback="DefaultAddonNone.png">$INFO[Listitem.Icon]</texture>
                            <visible>!Skin.HasSetting(global.hidecirles) + !String.Contains(ListItem.Path,special://skin/extras/spinners)</visible>
                        </control>
                        <control type="image">
                            <posx>32</posx>
                            <posy>12</posy>
                            <width>111</width>
                            <height>111</height>
                            <aspectratio scalediffuse="false">keep</aspectratio>
                            <texture fallback="DefaultAddonNone.png">$INFO[Listitem.Icon]</texture>
                            <visible>Skin.HasSetting(global.hidecirles) + !String.Contains(ListItem.Path,special://skin/extras/spinners)</visible>
                        </control>
                        <control type="image">
                            <posx>32</posx>
                            <posy>12</posy>
                            <width>111</width>
                            <height>111</height>
                            <aspectratio scalediffuse="false">center</aspectratio>
                            <texture fallback="DefaultAddonNone.png" colordiffuse="$VAR[ColorHighlight]">$INFO[Listitem.FileNameAndPath]</texture>
                            <visible>String.Contains(ListItem.Path,special://skin/extras/spinners)</visible>
                        </control>
                        <control type="label">
                            <posy>-18</posy>
                            <posx>170</posx>
                            <width>496</width>
                            <height>135</height>
                            <font>SmallBold</font>
                            <textcolor>Black70</textcolor>
                            <selectedcolor>Black70</selectedcolor>
                            <info>ListItem.Label</info>
                            <animation effect="slide" end="0,18" condition="String.IsEmpty(ListItem.Label2)">Conditional</animation>
                        </control>
                        <control type="label">
                            <posx>170</posx>
                            <posy>18</posy>
                            <width>496</width>
                            <height>135</height>
                            <font>Mini</font>
                            <textcolor>Black70</textcolor>
                            <selectedcolor>Black70</selectedcolor>
                            <label>$INFO[ListItem.Label2]</label>
                        </control>
                    </control>
                    <control type="group">
                        <visible>Control.HasFocus(450)</visible>
                        <control type="image">
                            <width>696</width>
                            <height>135</height>
                            <texture border="5" colordiffuse="$VAR[ColorHighlight]">common/white.png</texture>
                        </control>

                        <control type="image">
                            <posx>32</posx>
                            <posy>12</posy>
                            <width>111</width>
                            <height>111</height>
                            <aspectratio scalediffuse="false">scale</aspectratio>
                            <texture diffuse="diffuse/dialogselect.png" fallback="DefaultAddonNone.png">$INFO[Listitem.Icon]</texture>
                            <visible>!Skin.HasSetting(global.hidecirles) + !String.Contains(ListItem.Path,special://skin/extras/spinners)</visible>
                        </control>
                        <control type="image">
                            <posx>32</posx>
                            <posy>12</posy>
                            <width>111</width>
                            <height>111</height>
                            <aspectratio scalediffuse="false">keep</aspectratio>
                            <texture fallback="DefaultAddonNone.png">$INFO[Listitem.Icon]</texture>
                            <visible>Skin.HasSetting(global.hidecirles) + !String.Contains(ListItem.Path,special://skin/extras/spinners)</visible>
                        </control>
                        <control type="image">
                            <posx>32</posx>
                            <posy>12</posy>
                            <width>111</width>
                            <height>111</height>
                            <aspectratio scalediffuse="false">center</aspectratio>
                            <texture fallback="DefaultAddonNone.png">$INFO[Listitem.FileNameAndPath]</texture>
                            <visible>String.Contains(ListItem.Path,special://skin/extras/spinners)</visible>
                        </control>

                        <control type="label">
                            <posy>-18</posy>
                            <posx>170</posx>
                            <width>496</width>
                            <height>135</height>
                            <font>SmallBold</font>
                            <textcolor>Selected</textcolor>
                            <selectedcolor>Selected</selectedcolor>
                            <info>ListItem.Label</info>
                            <animation effect="slide" end="0,18" condition="String.IsEmpty(ListItem.Label2)">Conditional</animation>
                        </control>
                        <control type="label">
                            <left>170</left>
                            <posy>18</posy>
                            <width>496</width>
                            <height>135</height>
                            <font>Mini</font>
                            <textcolor>Selected</textcolor>
                            <selectedcolor>Selected</selectedcolor>
                            <label>$INFO[ListItem.Label2]</label>
                        </control>
                    </control>


                </focusedlayout>

            </control>

            <control type="grouplist" id="9000">
                <posx>738</posx>
                <posy>120</posy>
                <itemgap>3</itemgap>
                <orientation>vertical</orientation>
                <onright>450</onright>
                <onleft>450</onleft>

                <control type="button" id="413">
                    <description>Ok</description>
                    
                    <label>186</label>
                    <include>DefDialogButtons</include>
                </control>

                <control type="button" id="414">
                    <description>Cancel</description>
                    <label>222</label>
                    <include>DefDialogButtons</include>
                </control>

                <control type="button" id="415">
                    <description>Create Folder</description>
                    <label>119</label>
                    <include>DefDialogButtons</include>
                </control>


            </control>

            <control type="image">
                <description>Large Icon Image</description>
                <posx>738</posx>
                <posy>357</posy>
                <width>300</width>
                <height>450</height>
                <texture fallback="DefaultAddonNone.png">$INFO[Container(450).ListItem.Icon]</texture>
                <aspectratio align="center" aligny="bottom">keep</aspectratio>
            </control>
            
            <control type="image">
                <posx>705</posx>
                <top>120</top>
                <height>687</height>
                <width>1</width>
                <texture colordiffuse="Black12">common/white.png</texture>
            </control>

        </control>

    </controls>

</window>
