<?xml version="1.0" encoding="UTF-8"?>
<!-- Foundation -->
<window type="dialog" id="1120">
    <zorder>1</zorder>
	<defaultcontrol always="true">9000</defaultcontrol>
    <controls>
		<include>GlobalOverlay</include>
		<include>Animation.Common</include>		
		<control type="group">
			<centerleft>50%</centerleft>
			<centertop>50%</centertop>
			<width>468</width>
    		<top>187</top>
			<control type="image">
				<left>-8</left>
				<top>-20</top>		
				<right>10</right>
				<bottom>0</bottom>
				<colordiffuse>White100</colordiffuse>
				<texture border="16">common/rounded-shadow8.png</texture>
			</control>	
			<control type="group">
				<left>17</left>
				<top>0</top>
				<control type="label">
					<description>Header Label</description>
					<left>70</left>
					<width>1000</width>
					<posy>0</posy>
					<include>FontTop</include>
					<textcolor>Dark2</textcolor>
					<label>5</label>
				</control>
				
				<control type="image">
					<top>15</top>
					<left>15</left>
					<width>40</width>
					<height>40</height>
					<colordiffuse>$VAR[ColorKodiLogo]</colordiffuse>
					<texture>buttons/kodi-logo.png</texture>
				</control>
				
				<!-- Lines -->
				<control type="image">
					<top>70</top>
					<left>17</left>
					<width>385</width>
					<height>1</height>
					<bottom>10</bottom>
					<colordiffuse>Black12</colordiffuse>
					<texture>common/white.png</texture>
				</control>
			</control>
			<control type="group">
				<height>490</height>
				<left>-20</left>
				<top>-18</top>
				<control type="image">
					<description>arrow image</description>
					<centerleft>50%</centerleft>
					<posy>-16</posy>
					<width>16</width>
					<height>16</height>
					<texture colordiffuse="White70" flipy="true">common/arrow-small.png</texture>
				</control>
				<control type="image">
					<description>arrow image</description>
					<centerleft>50%</centerleft>
					<posy>722</posy>
					<width>16</width>
					<height>16</height>
					<texture colordiffuse="White70" flipy="false">common/arrow-small.png</texture>
				</control>
			</control>	
		 	<control type="grouplist" id="9000">
				<top>90</top>
				<height>595</height>			
				<onright>Dialog.Close(1120)</onright>
				<onleft>Dialog.Close(1120)</onleft>               

                
                <control type="button" id="90" description="SELECT OSD">					
                    <include>DefContextButton</include>
                    <align>left</align>
					<label>37740</label>
                    <label2>$VAR[OSDMusicTypeLabel]</label2>
					<onclick condition="!Skin.HasSetting(osd.usethemeNewOSD)">Skin.Reset(osd.usethemeNewOSDSide)</onclick> 
                    <onclick condition="!Skin.HasSetting(osd.usethemeNewOSD)">Skin.ToggleSetting(osd.usethemeNewOSD)</onclick>
                    <onclick condition="Skin.HasSetting(osd.usethemeNewOSD)">Skin.Reset(osd.usethemeNewOSDSide)</onclick>                    
                    <onclick condition="Skin.HasSetting(osd.usethemeNewOSD)">Skin.ToggleSetting(osd.usethemeNewOSD)</onclick>
				</control>
                                   
                <!--<control type="radiobutton" id="90">
                    <include>DefSettingsButtonLabelContextName</include>
                    <align>left</align>
                    <label>37715</label>
                    <enable>false</enable> 
                </control>-->                
				<control type="radiobutton" id="91">
					<description>Filter</description>
					<include>DefContextButton</include>		
					<align>left</align>
					<label>37535</label>
					<selected>Skin.HasSetting(musicosd.showvideolyrics)</selected>
					<onclick>Skin.ToggleSetting(musicosd.showvideolyrics)</onclick>
					<disabledcolor>$VAR[OSDPanelWhite12]</disabledcolor>
					<enable>System.HasAddon(script.cu.lrclyrics)</enable>
				</control> 
				<control type="radiobutton" id="92">>
					<description>Filter</description>
					<include>DefContextButton</include>
					<label>37548</label>
					<align>left</align>
					<selected>Skin.HasSetting(hideseekbaronlyrics)</selected>
					<onclick>Skin.ToggleSetting(hideseekbaronlyrics)</onclick>					
				</control> 
                <control type="radiobutton" id="93">>
					<description>Filter</description>
					<include>DefContextButton</include>
					<label>37712</label>
					<align>left</align>
					<selected>Skin.HasSetting(HideMusicOSDOnLyrics)</selected>
					<onclick>Skin.ToggleSetting(HideMusicOSDOnLyrics)</onclick>					
				</control>
                <!--<control type="radiobutton" id="100">
                    <include>DefSettingsButtonLabelContextName</include>
                    <align>left</align>
                    <label>37713</label>
                    <enable>false</enable> 
                </control>-->                
                <control type="radiobutton" id="101" description="Match theme">
					<include>DefContextButton</include>
					<align>left</align>
					<label>37655</label>
					<selected>Skin.HasSetting(HideMusicScrollingText)</selected>
					<onclick>Skin.ToggleSetting(HideMusicScrollingText)</onclick>
				</control>                
				<control type="radiobutton" id="102">
					<description>Filter</description>
					<include>DefContextButton</include>
					<label>37511</label>
					<align>left</align>
					<selected>Skin.HasSetting(ShowMusicCD)</selected>
					<onclick>Skin.ToggleSetting(ShowMusicCD)</onclick>				
				</control> 
				<control type="radiobutton" id="103">
					<description>Filter</description>
					<include>DefContextButton</include>
					<label>37510</label>
					<align>left</align>
					<selected>Skin.HasSetting(ALternativeCD)</selected>
					<onclick>Skin.ToggleSetting(ALternativeCD)</onclick>
					<disabledcolor>$VAR[OSDPanelWhite12]</disabledcolor>					
					<enable>Skin.HasSetting(ShowMusicCD)</enable>
				</control>                 
                <!--<control type="radiobutton" id="110">
                    <include>DefSettingsButtonLabelContextName</include>
                    <align>left</align>
                    <label>37714</label>
                    <enable>false</enable> 
                </control>-->                
                <control type="radiobutton" id="111">
					<description>Handlung</description>
					<include>DefContextButton</include>
					<label>31218</label>
					<align>left</align>
					<selected>Skin.HasSetting(musicosd.numericrating)</selected>
					<onclick>Skin.ToggleSetting(musicosd.numericrating)</onclick>					
				</control>
				<control type="radiobutton" id="112">
					<description>Filter</description>
					<include>DefContextButton</include>
					<label>21891</label>
					<align>left</align>
					<selected>Skin.HasSetting(osd.artistinfos)</selected>
					<onclick>Skin.ToggleSetting(osd.artistinfos)</onclick>
				</control> 
			</control>
		</control>
    </controls>
</window>
