<window>
    <defaultcontrol>30</defaultcontrol>
    
    <defaultcontrol always="true">9101</defaultcontrol>

    <controls>
        <include>GlobalBackground</include>
        <include>Furniture_Header</include>
        <include>Furniture_NowPlaying</include>
        <include>Furniture_Clock</include>
        <include>Furniture_Weather</include>
		
        <control type="group">
            <include>Animation.Common</include>
            <left>72</left>
            <right>72</right>
            <top>208</top>
            <height>656</height>
            <control type="image">
                <width>100%</width>
                <height>100%</height>
                <texture border="16" colordiffuse="Panel">common/rounded-shadow8.png</texture>
            </control>		
            <control type="group">
                <left>8</left>
                <right>8</right>
                <top>8</top>
                <bottom>8</bottom>
                <!-- Left Group -->
                <control type="grouplist" id="9100">
                    <description>Button Area</description>
                    <width>450</width>
                    <top>140</top>
                    <bottom>0</bottom>
                    <itemgap>0</itemgap>
                    <onright>9200</onright>
                    <onup>9100</onup>
                    <ondown>9100</ondown>
                    <orientation>vertical</orientation>
                    <control type="togglebutton" id="9108" description="Extras">
                        <usealttexture>ControlGroup(9100).HasFocus(9108)</usealttexture>
                        <alttexturenofocus colordiffuse="$VAR[ColorHighlight]">common/white.png</alttexturenofocus>
                        <include>DefSettingsButton</include>
                        <!--<label>37523 </label>-->
						<label>$LOCALIZE[37523]</label>
                    </control>
                    
                    <control type="togglebutton" id="9101" description="Home">
                        <usealttexture>ControlGroup(9100).HasFocus(9101)</usealttexture>
                        <alttexturenofocus colordiffuse="$VAR[ColorHighlight]">common/white.png</alttexturenofocus>
                        <include>DefSettingsButton</include>
                        <label>10000</label>
                    </control>
                    
                    <control type="togglebutton" id="9102" description="Background">
                        <usealttexture>ControlGroup(9100).HasFocus(9102)</usealttexture>
                        <alttexturenofocus colordiffuse="$VAR[ColorHighlight]">common/white.png</alttexturenofocus>
                        <include>DefSettingsButton</include>
                        <label>31110</label>
                    </control>

                    <control type="togglebutton" id="9106" description="Furniture">
                        <usealttexture>ControlGroup(9100).HasFocus(9106)</usealttexture>
                        <alttexturenofocus colordiffuse="$VAR[ColorHighlight]">common/white.png</alttexturenofocus>
                        <include>DefSettingsButton</include>
                        <label>31152</label>
                    </control>
                    
                    <control type="togglebutton" id="9103" description="OSD">
                        <usealttexture>ControlGroup(9100).HasFocus(9103)</usealttexture>
                        <alttexturenofocus colordiffuse="$VAR[ColorHighlight]">common/white.png</alttexturenofocus>
                        <include>DefSettingsButton</include>
                        <label>31270</label>
                    </control>
                    
                    <control type="togglebutton" id="9109" description="VIDEO MUSIC INFO">
                        <usealttexture>ControlGroup(9100).HasFocus(9109)</usealttexture>
                        <alttexturenofocus colordiffuse="$VAR[ColorHighlight]">common/white.png</alttexturenofocus>
                        <include>DefSettingsButton</include>
                        <label>$LOCALIZE[37743]</label>
                    </control>
                    
                    <control type="togglebutton" id="9110" description="Extras">
                        <usealttexture>ControlGroup(9100).HasFocus(9110)</usealttexture>
                        <alttexturenofocus colordiffuse="$VAR[ColorHighlight]">common/white.png</alttexturenofocus>
                        <include>DefSettingsButton</include>
                        <label>$LOCALIZE[37747]</label>
                    </control>
                    
                    <control type="togglebutton" id="9107" description="Extras">
                        <usealttexture>ControlGroup(9100).HasFocus(9107)</usealttexture>
                        <alttexturenofocus colordiffuse="$VAR[ColorHighlight]">common/white.png</alttexturenofocus>
                        <include>DefSettingsButton</include>
                        <label>31169</label>
                    </control>
                    
                    <control type="togglebutton" id="9111" description="Resources">
                        <usealttexture>ControlGroup(9100).HasFocus(9111)</usealttexture>
                        <alttexturenofocus colordiffuse="$VAR[ColorHighlight]">common/white.png</alttexturenofocus>
                        <include>DefSettingsButton</include>
                        <label>$LOCALIZE[37525]</label>
                    </control>

					<control type="togglebutton" id="9112" description="Backup / Restore">
                        <usealttexture>ControlGroup(9100).HasFocus(9112)</usealttexture>
                        <alttexturenofocus colordiffuse="$VAR[ColorHighlight]">common/white.png</alttexturenofocus>
                        <include>DefSettingsButton</include>
                        <label>$LOCALIZE[31001]</label>
                    </control>					
                </control>
                
                
                <!-- Right Group -->
                <control type="grouplist" id="9200">
                    <description>Control Area</description>
                    <left>450</left>
                    <right>0</right>
                    <top>140</top>
                    <bottom>10</bottom>
                    <itemgap>0</itemgap>
                    <onleft>9100</onleft>
                    <onup>9200</onup>
                    <ondown>9200</ondown>
                    <orientation>vertical</orientation>
                    
                    
                    <!-- Hauptmenu -->
                    <control type="button" id="9201">
                        <width>1310</width>
                        <visible>ControlGroup(9100).HasFocus(9101)</visible>
                        <textoffsetx>20</textoffsetx>
                        <font>Button</font>
                        <textcolor>PanelWhite30</textcolor>
                        <include>DefSettingsButtonNew</include>
                        <label>37754</label>
                        <enable>false</enable>                    
                    </control>
                    <control type="button" id="9202" description="Customise Home">
                        <width>1310</width>
                        <visible>ControlGroup(9100).HasFocus(9101)</visible>
                        <include>DefSettingsButton</include>
                        <label>$LOCALIZE[31109]</label>
                        <onclick>RunScript(script.skinshortcuts,type=manage&amp;group=mainmenu)</onclick>
                    </control>
                    <control type="button" id="9203" description="Home Style">
                        <width>1310</width>
                        <visible>ControlGroup(9100).HasFocus(9101)</visible>
                        <include>DefSettingsButton</include>
                        <label>31247</label>
                        <label2>$VAR[LabelHomeWidgetStyle]</label2>
                        <onclick condition="Skin.HasSetting(home.classicwidgets)">Skin.SetBool(home.vertical)</onclick>
                        <onclick condition="Skin.HasSetting(home.classicwidgets)">Skin.Reset(home.classicwidgets)</onclick>                        
                        <onclick condition="Skin.HasSetting(home.vertical)">Skin.SetBool(home.modernwidgets)</onclick>
                        <onclick condition="Skin.HasSetting(home.vertical)">Skin.Reset(home.vertical)</onclick>                        
                        <onclick condition="Skin.HasSetting(home.modernwidgets)">Skin.Reset(home.classicwidgets)</onclick>
                        <onclick condition="Skin.HasSetting(home.modernwidgets)">Skin.Reset(home.vertical)</onclick>
                        <onclick condition="Skin.HasSetting(home.modernwidgets)">Skin.Reset(home.modernwidgets)</onclick>
                        <onclick condition="!Skin.HasSetting(home.vertical) + !Skin.HasSetting(home.classicwidgets) + !Skin.HasSetting(home.modernwidgets)">Skin.Reset(home.vertical)</onclick>
                        <onclick condition="!Skin.HasSetting(home.vertical) + !Skin.HasSetting(home.classicwidgets) + !Skin.HasSetting(home.modernwidgets)">Skin.SetBool(home.classicwidgets)</onclick>
                    </control>                    
                    <control type="radiobutton" id="9204" description="Show Icons">
                        <width>1310</width>
                        <visible>ControlGroup(9100).HasFocus(9101)</visible>
                        <include>DefSettingsButton</include>
                        <label>31190</label>
                        <selected>Skin.HasSetting(home.showicons)</selected>
                        <onclick>Skin.ToggleSetting(home.showicons)</onclick>
                    </control>
					<control type="radiobutton" id="9214">
                        <width>1310</width>
                        <visible>ControlGroup(9100).HasFocus(9101)</visible>
                        <include>DefSettingsButton</include>
                        <label>37541</label>
                        <selected>Skin.HasSetting(home.oldmenuheight)</selected>
                        <onclick>Skin.ToggleSetting(home.oldmenuheight)</onclick>                   
                    </control>                    
                    <control type="button" id="9216">
                        <width>1310</width>
                        <visible>ControlGroup(9100).HasFocus(9101)</visible>
                        <textoffsetx>20</textoffsetx>
                        <font>Button</font>
                        <textcolor>PanelWhite30</textcolor>
                        <include>DefSettingsButtonNew</include>
                        <label>37751</label>
                        <enable>false</enable>                    
                    </control>                    
                    <control type="button" id="9241" description="Set Slideshow Path">
                        <width>1310</width>
                        <visible>ControlGroup(9100).HasFocus(9101)</visible>
                        <include>DefSettingsButton</include>
                        <label>31269</label>
                        <label2>$VAR[LabelFallbackWidgetName]</label2>
                        <onclick>ActivateWindow(1106)</onclick> 
                    </control>                    
                    <control type="button" id="9242" description="Set Slideshow Path">
                        <width>1310</width>
                        <visible>ControlGroup(9100).HasFocus(9101)</visible>
                        <include>DefSettingsButton</include>
                        <label>$LOCALIZE[31000]</label>
                        <label2>$INFO[Skin.String(WidgetLimit)]</label2>
                        <onclick condition="String.IsEqual(Skin.String(WidgetLimit),$LOCALIZE[37030])">Skin.SetString(WidgetLimit,10)</onclick>
                        <onclick condition="String.IsEqual(Skin.String(WidgetLimit),50)">Skin.SetString(WidgetLimit,$LOCALIZE[37030])</onclick>
                        <onclick condition="String.IsEqual(Skin.String(WidgetLimit),25)">Skin.SetString(WidgetLimit,50)</onclick>
                        <onclick condition="!String.IsEqual(Skin.String(WidgetLimit),$LOCALIZE[37030]) + !String.IsEqual(Skin.String(WidgetLimit),25) + !String.IsEqual(Skin.String(WidgetLimit),50)">Skin.SetString(WidgetLimit,25)</onclick>
                    </control>                    
                    <!-- <control type="button" id="9212" description="Reset Home to Defaults">
                        <width>1310</width>
                        <visible>ControlGroup(9100).HasFocus(9101)</visible>
                        <include>DefSettingsButton</include>
                        <label>31132</label>
                        <onclick>RunScript(script.skinshortcuts,type=resetall)</onclick>
                    </control> -->
                    <control type="radiobutton" id="9243" description="Show slideshow instead of fanart">
                        <width>1310</width>
                        <visible>ControlGroup(9100).HasFocus(9101)</visible>
                        <include>DefSettingsButton</include>
                        <label>31149</label>
                        <selected>Skin.HasSetting(home.dontshowfanart)</selected>
                        <onclick>Skin.ToggleSetting(home.dontshowfanart)</onclick>
                    </control>                    
                    <control type="radiobutton" id="9245" description="Classic Widget Auto show">
                        <width>1310</width>
                        <visible>ControlGroup(9100).HasFocus(9101)</visible>
                        <include>DefSettingsButton</include>
                        <label>31200</label>
                        <!--<enable>!Skin.HasSetting(home.vertical)</enable>-->
						<visible>!Skin.HasSetting(home.vertical) + !Skin.HasSetting(home.modernwidgets)</visible>
                        <selected>Skin.HasSetting(home.dontautoshowwidget)</selected>
                        <onclick>Skin.ToggleSetting(home.dontautoshowwidget)</onclick>
                    </control>
                    <control type="radiobutton" id="9247" description="Allow Widget Reloading">
                        <width>1310</width>
                        <visible>ControlGroup(9100).HasFocus(9101)</visible>
                        <include>DefSettingsButton</include>
                        <label>$LOCALIZE[31005]</label>
						<visible>Skin.HasSetting(home.vertical)</visible>
						<selected>!Skin.HasSetting(NoAutoScroll)</selected>
						<onclick>Skin.ToggleSetting(NoAutoScroll)</onclick>
						<!--<label>31274</label>
                        <selected>Skin.HasSetting(NoPersistentWidgets)</selected>
                        <onclick>Skin.ToggleSetting(NoPersistentWidgets)</onclick>-->
                    </control>                    
                    <control type="radiobutton" id="9248">
                        <width>1310</width>
                        <visible>ControlGroup(9100).HasFocus(9101)</visible>
                        <include>DefSettingsButton</include>
						<label>37526</label>                   
                    	<selected>Skin.HasSetting(hidewidgettitle)</selected>
                    	<onclick>Skin.ToggleSetting(hidewidgettitle)</onclick>
					</control>
					<control type="radiobutton" id="9249">
                        <width>1310</width>
                        <visible>ControlGroup(9100).HasFocus(9101)</visible>
                        <include>DefSettingsButton</include>
						<label>37527</label>                   
                    	<selected>Skin.HasSetting(hidewidgetstatusnew)</selected>
                    	<onclick>Skin.ToggleSetting(hidewidgetstatusnew)</onclick>
					</control>
					<control type="radiobutton" id="9250">
                        <width>1310</width>
                        <visible>ControlGroup(9100).HasFocus(9101)</visible>
                        <include>DefSettingsButton</include>
						<label>37540</label>                   
                    	<selected>Skin.HasSetting(widgets.autoscrollingplot)</selected>
                    	<onclick>Skin.ToggleSetting(widgets.autoscrollingplot)</onclick>
					</control>
                    <control type="button" id="9251">
                        <width>1310</width>
                        <visible>ControlGroup(9100).HasFocus(9101)</visible>
                        <textoffsetx>20</textoffsetx>
                        <font>Button</font>
                        <textcolor>PanelWhite30</textcolor>
                        <include>DefSettingsButtonNew</include>
                        <label>37755</label>
                        <enable>false</enable>                    
                    </control>
                    <control type="radiobutton" id="9252" description="Always Show Weather Widget">
                        <width>1310</width>
                        <visible>ControlGroup(9100).HasFocus(9101)</visible>
                        <include>DefSettingsButton</include>
                        <label>31145</label>
                        <enable>!Skin.HasSetting(home.showclearlogotopright)</enable>
                        <!--<enable>!Skin.HasSetting(home.vertical) + !Skin.HasSetting(furniture.weather)</enable>-->
						<visible>!Skin.HasSetting(home.vertical) + !Skin.HasSetting(furniture.weather)</visible>
                        <selected>Skin.HasSetting(home.showweatherfanart)</selected>
                        <onclick>Skin.ToggleSetting(home.showweatherfanart)</onclick>
                        <onclick>Skin.Reset(home.showclearlogotopright)</onclick>
                    </control>
                    <control type="radiobutton" id="9254" description="Show Clear Logo">
                        <width>1310</width>
                        <visible>ControlGroup(9100).HasFocus(9101)</visible>
                        <include>DefSettingsButton</include>
                        <label>$LOCALIZE[37534]</label>
                        <selected>Skin.HasSetting(home.showclearlogo)</selected>
                        <onclick>Skin.ToggleSetting(home.showclearlogo)</onclick>
                        <onclick>Skin.Reset(home.showclearlogotopright)</onclick>
                        <onclick>Skin.Reset(home.showclearlogoleftbottomclassic)</onclick>
                    </control>					
                    <control type="radiobutton" id="9255" description="Show Clear Logo Left Bottom Position (Classic View Only)">
                        <width>1310</width>
                        <visible>ControlGroup(9100).HasFocus(9101)</visible>
                        <include>DefSettingsButton</include>
                        <label>     $LOCALIZE[37532]</label>
                        <enable>Skin.HasSetting(home.showclearlogo) + Skin.HasSetting(home.classicwidgets)</enable>
                        <selected>Skin.HasSetting(home.showclearlogoleftbottomclassic)</selected>
                        <onclick>Skin.ToggleSetting(home.showclearlogoleftbottomclassic)</onclick>
                        <onclick>Skin.Reset(home.showclearlogotopright)</onclick>
                    </control>
                    <control type="button" id="9256">
                        <width>1310</width>
                        <visible>ControlGroup(9100).HasFocus(9101)</visible>
                        <textoffsetx>20</textoffsetx>
                        <font>Button</font>
                        <textcolor>PanelWhite30</textcolor>
                        <include>DefSettingsButtonNew</include>
                        <label>37596</label>
                        <enable>false</enable>                    
                    </control>
                    <control type="radiobutton" id="9570">
                        <width>1310</width>
                        <visible>ControlGroup(9100).HasFocus(9101)</visible>
                        <include>DefSettingsButton</include>
						<label>37623</label>                   
                    	<selected>Skin.HasSetting(rss.home)</selected>
                    	<onclick>Skin.ToggleSetting(rss.home)</onclick>
						<enable>System.GetBool(lookandfeel.enablerssfeeds)</enable>
					</control>
					<control type="radiobutton" id="9572">
                        <width>1310</width>
                        <visible>ControlGroup(9100).HasFocus(9101)</visible>
                        <include>DefSettingsButton</include>
						<label>37624</label>                   
                    	<selected>Skin.HasSetting(rss.top)</selected>
                    	<onclick>Skin.ToggleSetting(rss.top)</onclick>
						<enable>System.GetBool(lookandfeel.enablerssfeeds)</enable>
					</control> 
                       
					
                    <!-- Hintergrund -->
                    <control type="button" id="9210">
                        <width>1310</width>
                        <visible>ControlGroup(9100).HasFocus(9102)</visible>
                        <textoffsetx>20</textoffsetx>
                        <font>Button</font>
                        <textcolor>PanelWhite30</textcolor>
                        <include>DefSettingsButtonNew</include>
                        <label>37756</label>
                        <enable>false</enable>                    
                    </control>                   
					<control type="radiobutton" id="9212">
						<include>DefSettingsButton</include>
						<align>left</align>
						<label>37592</label>
						<visible>ControlGroup(9100).HasFocus(9102)</visible>
						<selected>Skin.HasSetting(EnableBlur)</selected>
						<onclick condition="!System.HasAddon(script.colorbox)">InstallAddon(script.colorbox)</onclick>
						<onclick condition="System.HasAddon(script.colorbox) + !Skin.HasSetting(EnableBlur)">SetProperty(FIVE_daemon_set,blur,home)</onclick>
						<onclick condition="System.HasAddon(script.colorbox) + !Skin.HasSetting(EnableBlur)">RunScript(script.colorbox,daemon=True)</onclick>
						<onclick condition="System.HasAddon(script.colorbox) + !Skin.HasSetting(EnableBlur)">AlarmClock(nms1,SetProperty(NINE_manual_set,"var=main,set=$INFO[Skin.String(colorbox_main)]|var=comp,set=$INFO[Skin.String(colorbox_comp)]|var=quality,set=$INFO[Skin.String(colorbox_quality)]|var=blursize,set=$INFO[Skin.String(colorbox_blursize)]|var=bitsize,set=$INFO[Skin.String(colorbox_bitsize)]|var=pixelsize,set=$INFO[Skin.String(colorbox_pixelsize)]|var=black,set=$INFO[Skin.String(colorbox_black)]|var=white,set=$INFO[Skin.String(colorbox_white)]|var=blend,set=$INFO[Skin.String(colorbox_blend)]|var=desat,set=$INFO[Skin.String(colorbox_desat)]",home),00:05,true)</onclick>
						<onclick condition="System.HasAddon(script.colorbox)">Skin.ToggleSetting(EnableBlur)</onclick>
					</control>					
					<control type="button" id="9213">
						<include>DefSettingsButton</include>
						<align>left</align>
						<label>37633</label>
						<visible>ControlGroup(9100).HasFocus(9102)</visible>	
						<onclick>ActivateWindow(1297)</onclick>
						<onfocus>Skin.Reset(NoBlurFoto)</onfocus>
						<enable>Skin.HasSetting(EnableBlur)</enable>
					</control>
                    <control type="button" id="9215">
                        <width>1310</width>
                        <visible>ControlGroup(9100).HasFocus(9102)</visible>
                        <textoffsetx>20</textoffsetx>
                        <font>Button</font>
                        <textcolor>PanelWhite30</textcolor>
                        <include>DefSettingsButtonNew</include>
                        <label>37599</label>
                        <enable>false</enable>                    
                    </control>
                    <control type="radiobutton" id="9223" description="Show fanart">
                        <width>1310</width>
                        <visible>ControlGroup(9100).HasFocus(9102)</visible>
                        <include>DefSettingsButton</include>
                        <label>31121</label>
                        <selected>!Skin.HasSetting(global.hidefanart)</selected>
                        <onclick>Skin.ToggleSetting(global.hidefanart)</onclick>
                    </control>
                    <control type="radiobutton" id="9224" description="Animate Fanart">
                        <width>1310</width>
                        <visible>ControlGroup(9100).HasFocus(9102)</visible>
                        <include>DefSettingsButton</include>
                        <label>31146</label>
                        <selected>Skin.HasSetting(Fanart.Animate)</selected>
                        <onclick>Skin.ToggleSetting(Fanart.Animate)</onclick>
                    </control>
                    <control type="button" id="9225" description="Set Fallback Image">
                        <width>1310</width>
                        <visible>ControlGroup(9100).HasFocus(9102)</visible>
                        <include>DefSettingsButton</include>
                        <label>31150</label>
                        <label2>$INFO[Skin.String(fanart.fallback)]</label2>
                        <onclick>SetProperty(Dialog.1.Label,$LOCALIZE[16018])</onclick>
                        <onclick>SetProperty(Dialog.1.BuiltIn,Skin.Reset(fanart.fallback))</onclick>
                        <onclick>SetProperty(Dialog.2.Label,$LOCALIZE[31271])</onclick>
                        <onclick>SetProperty(Dialog.2.BuiltIn,Skin.SetImage(fanart.fallback))</onclick>
                        <onclick>RunScript(script.embuary.helper,action=createselect,header=$LOCALIZE[31150])</onclick> 
                    </control>
                    <control type="button" id="9229" description="Set Weather Fanart">
                        <width>1310</width>
                        <visible>ControlGroup(9100).HasFocus(9102)</visible>
                        <include>DefSettingsButton</include>
                        <label>31143</label>
                        <label2>$INFO[Skin.String(weather.fanart.name)]</label2>
                        <onclick>RunScript(script.image.resource.select,property=weather.fanart&amp;type=resource.images.weatherfanart)</onclick>
                    </control>
                    <control type="radiobutton" id="9221" description="Show video in background">
                        <width>1310</width>
                        <visible>ControlGroup(9100).HasFocus(9102)</visible>
                        <include>DefSettingsButton</include>
                        <label>31111</label>
                        <selected>Skin.HasSetting(global.showvideo)</selected>
                        <onclick>Skin.ToggleSetting(global.showvideo)</onclick>
                    </control>
                    <control type="radiobutton" id="9222" description="Show vis in background">
                        <width>1310</width>
                        <visible>ControlGroup(9100).HasFocus(9102)</visible>
                        <include>DefSettingsButton</include>
                        <label>31172</label>
                        <selected>Skin.HasSetting(global.showvisualisation)</selected>
                        <onclick>Skin.ToggleSetting(global.showvisualisation)</onclick>
                    </control>
                    
                    
                    <!-- MUSIC Video OSD -->
                    <!-- OSD -->
                    <!--<control type="radiobutton" id="9234" description="Match theme">
                        <width>1310</width>
                        <visible>ControlGroup(9100).HasFocus(9103)</visible>
                        <include>DefSettingsButton</include>
                        <label>31196</label>
                        <selected>!Skin.HasSetting(osd.usetheme)</selected>
                        <onclick>Skin.ToggleSetting(osd.usetheme)</onclick>
                        <onclick>ReloadSkin()</onclick>
                    </control>-->					
					<!--<control type="radiobutton" id="9233" description="Match theme">
                        <width>1310</width>
                        <visible>ControlGroup(9100).HasFocus(9103)</visible>
                        <include>DefSettingsButton</include>
                        <label>31196</label>
                        <selected>!Skin.HasSetting(osd.usetheme)</selected>
                        <onclick>Skin.ToggleSetting(osd.usetheme)</onclick>
                        <onclick>ReloadSkin()</onclick>
                    </control>-->
					<!--<control type="radiobutton" id="9234" description="Match theme">
                        <width>1310</width>
                        <visible>ControlGroup(9100).HasFocus(9103)</visible>
                        <include>DefSettingsButton</include>
                        <label>37609</label>
                        <selected>Skin.HasSetting(osd.usethemeNewOSD)</selected>
                        <onclick>Skin.ToggleSetting(osd.usethemeNewOSD)</onclick>
                    </control>-->
                    <!-- GLOBAL -->
                    <control type="button" id="9201">
                        <width>1310</width>
                        <visible>ControlGroup(9100).HasFocus(9103)</visible>
                        <textoffsetx>20</textoffsetx>
                        <font>Button</font>
                        <textcolor>PanelWhite30</textcolor>
                        <include>DefSettingsButtonNew</include>
                        <label>37599</label>
                        <enable>false</enable>                    
                    </control>
                    <control type="button" id="9202" description="SELECT OSD">					
                        <include>DefSettingsButton</include>
                        <visible>ControlGroup(9100).HasFocus(9103)</visible>
                        <label>37740</label>
                        <label2>$VAR[OSDTypeLabel]</label2>
                        <onclick condition="!Skin.HasSetting(osd.usethemeNewOSD) + !Skin.HasSetting(osd.usethemeNewOSDSide)">Skin.ToggleSetting(osd.usethemeNewOSD)</onclick>                    
                        <onclick condition="Skin.HasSetting(osd.usethemeNewOSD)">Skin.ToggleSetting(osd.usethemeNewOSDSide)</onclick>
                        <onclick condition="Skin.HasSetting(osd.usethemeNewOSD)">Skin.Reset(osd.usethemeNewOSD)</onclick>                    
                        <onclick condition="Skin.HasSetting(osd.usethemeNewOSDSide)">Skin.Reset(osd.usethemeNewOSDSide)</onclick>
                    </control>
                    <control type="button" id="9209" description="Close OSD Auto">
						<width>1310</width>
						<visible>ControlGroup(9100).HasFocus(9103)</visible>
						<include>DefSettingsButton</include>
						<label>Auto Close OSD</label>
						<label2>$INFO[Skin.String(SkinHelper.AutoCloseVideoOSD)]</label2>
						<onclick condition="!String.IsEmpty(SkinHelper.AutoCloseVideoOSD)">Skin.Reset(SkinHelper.AutoCloseVideoOSD)</onclick>
						<onclick condition="String.IsEmpty(SkinHelper.AutoCloseVideoOSD)">Skin.SetNumeric(SkinHelper.AutoCloseVideoOSD)</onclick>
					</control>
                    
                    <!-- Video -->
                    <control type="button" id="9210">
                        <width>1310</width>
                        <visible>ControlGroup(9100).HasFocus(9103)</visible>
                        <textoffsetx>20</textoffsetx>
                        <font>Button</font>
                        <textcolor>PanelWhite30</textcolor>
                        <include>DefSettingsButtonNew</include>
                        <label>37749</label>
                        <enable>false</enable>                    
                    </control>
                    <control type="radiobutton" id="9211" description="Show detailed info on pause">
                        <width>1310</width>
                        <visible>ControlGroup(9100).HasFocus(9103)</visible>
                        <include>DefSettingsButton</include>
                        <label>31201</label>
                        <selected>Skin.HasSetting(osd.showinfoonpause)</selected>
                        <onclick>Skin.ToggleSetting(osd.showinfoonpause)</onclick>
                    </control>
                    <control type="radiobutton" id="9212" description="Show clearart">
                        <width>1310</width>
                        <visible>ControlGroup(9100).HasFocus(9103)</visible>
                        <include>DefSettingsButton</include>
                        <label>31217</label>
                        <selected>Skin.HasSetting(ShowClearArtOSD)</selected>
                        <onclick>Skin.ToggleSetting(ShowClearArtOSD)</onclick>
                    </control> 
                    <control type="radiobutton" id="9213">
                        <width>1310</width>
                        <visible>ControlGroup(9100).HasFocus(9103)</visible>
                        <include>DefSettingsButton</include>
                    	<selected>Skin.HasSetting(furniture.flagiconsosd)</selected>
                    	<onclick>Skin.ToggleSetting(furniture.flagiconsosd)</onclick>
						<label>31154</label>
                	</control>
					<control type="radiobutton" id="9215">
                        <width>1310</width>
                        <visible>ControlGroup(9100).HasFocus(9103)</visible>
                        <include>DefSettingsButton</include>
                    	<selected>Skin.HasSetting(furniture.flagiconsosdnoicons)</selected>
						<onclick>Skin.ToggleSetting(furniture.flagiconsosdnoicons)</onclick>
                    	<label>31246</label>
						<enable>Skin.HasSetting(furniture.flagiconsosd)</enable>
                	</control>
					<control type="radiobutton" id="9216">
                        <width>1310</width>
                        <visible>ControlGroup(9100).HasFocus(9103)</visible>
                        <include>DefSettingsButton</include>
						<label>31218</label>
						<selected>Skin.HasSetting(videoosd.numericrating)</selected>
						<onclick>Skin.ToggleSetting(videoosd.numericrating)</onclick>
					</control>
                    <control type="radiobutton" id="9217">
                        <width>1310</width>
                        <visible>ControlGroup(9100).HasFocus(9103)</visible>
                        <include>DefSettingsButton</include>
						<label>31214</label>
						<selected>Skin.HasSetting(osd.showplot)</selected>
						<onclick>Skin.ToggleSetting(osd.showplot)</onclick>
                        <enable>!Skin.HasSetting(osd.usethemeNewOSDSide)</enable>
					</control>
                    <control type="radiobutton" id="9218">
                        <width>1310</width>
                        <visible>ControlGroup(9100).HasFocus(9103)</visible>
                        <include>DefSettingsButton</include>
                        <label>31153</label>
                        <selected>Skin.HasSetting(ClockOSD)</selected>
                        <onclick>Skin.ToggleSetting(ClockOSD)</onclick>
                    </control> 
                    <control type="radiobutton" id="9220">
                        <width>1310</width>
                        <visible>ControlGroup(9100).HasFocus(9103)</visible>
                        <include>DefSettingsButton</include>
						<label>37544</label>			   
						<selected>Skin.HasSetting(osd.overlayinfoplayer)</selected>
						<onclick>Skin.ToggleSetting(osd.overlayinfoplayer)</onclick>
					</control>
                    <control type="radiobutton" id="9221">
                        <width>1310</width>
                        <visible>ControlGroup(9100).HasFocus(9103)</visible>
                        <include>DefSettingsButton</include>
						<label>$LOCALIZE[37742]$LOCALIZE[37737]</label>			   
						<selected>Skin.HasSetting(osd.overlayinfoplayerclearlogo)</selected>
						<onclick>Skin.ToggleSetting(osd.overlayinfoplayerclearlogo)</onclick>
                        <enable>Skin.HasSetting(osd.overlayinfoplayer)</enable>
					</control>									
					<control type="radiobutton" id="9222">
                        <width>1310</width>
                        <visible>ControlGroup(9100).HasFocus(9103)</visible>
                        <include>DefSettingsButton</include>
						<label>37549</label>
						<selected>Skin.HasSetting(pvr.showtechnicalinfo)</selected>
                    	<onclick>Skin.ToggleSetting(pvr.showtechnicalinfo)</onclick>
					</control>

                    <!-- AUDIO -->
                    <control type="button" id="9223">
                        <width>1310</width>
                        <visible>ControlGroup(9100).HasFocus(9103)</visible>
                        <textoffsetx>20</textoffsetx>
                        <font>Button</font>
                        <textcolor>PanelWhite30</textcolor>
                        <include>DefSettingsButtonNew</include>
                        <label>37750</label>
                        <enable>false</enable>                    
                    </control>
                    <control type="radiobutton" id="9224" description="Show Fanart">
                        <width>1310</width>
                        <visible>ControlGroup(9100).HasFocus(9103)</visible>
                        <include>DefSettingsButton</include>
                        <label>31121</label>
                        <selected>Skin.HasSetting(musicvis.fanartfallback)</selected>
                        <enable>!System.HasAddon(script.artistslideshow) | Skin.HasSetting(ArtistSlideShow.Disabled)</enable>
                        <onclick>Skin.ToggleSetting(musicvis.fanartfallback)</onclick>
                    </control>
                    <control type="radiobutton" id="9226" description="Show slideshow in background">
                        <width>1310</width>
                        <visible>ControlGroup(9100).HasFocus(9103)</visible>
                        <include>DefSettingsButton</include>
                        <label>31118</label>
                        <enable>System.HasAddon(script.artistslideshow)</enable>
                        <selected>!Skin.HasSetting(ArtistSlideShow.Disabled)</selected>
                        <onclick>Skin.ToggleSetting(ArtistSlideShow.Disabled)</onclick>
                    </control>
                    <control type="radiobutton" id="9227" description="Show slideshow in background">
                        <width>1310</width>
                        <visible>ControlGroup(9100).HasFocus(9103)</visible>
                        <include>DefSettingsButton</include>
                        <label>31119</label>
                        <selected>Skin.HasSetting(OSDVisualisation.ShowFanart)</selected>
                        <onclick>Skin.ToggleSetting(OSDVisualisation.ShowFanart)</onclick>
                        <enable>Skin.HasSetting(musicvis.fanartfallback) | [!Skin.HasSetting(ArtistSlideShow.Disabled) + System.HasAddon(script.artistslideshow)]</enable>
                    </control>
                    <control type="radiobutton" id="9228" description="Animate Artist slideshow">
                        <width>1310</width>
                        <visible>ControlGroup(9100).HasFocus(9103)</visible>
                        <include>DefSettingsButton</include>
                        <label>31120</label>
                        <selected>Skin.HasSetting(ArtistSlideshow.Animate)</selected>
                        <onclick>Skin.ToggleSetting(ArtistSlideshow.Animate)</onclick>
                        <enable>Skin.HasSetting(musicvis.fanartfallback) | [!Skin.HasSetting(ArtistSlideShow.Disabled) + System.HasAddon(script.artistslideshow)]</enable>
                    </control>                    
                    <control type="radiobutton" id="9230" description="Always show osd info/controls in music visualisation">
                        <width>1310</width>
                        <visible>ControlGroup(9100).HasFocus(9103)</visible>
                        <include>DefSettingsButton</include>
                        <label>31253</label>
                        <selected>Skin.HasSetting(osd.alwaysshowmusicosd)</selected>
                        <onclick>Skin.ToggleSetting(osd.alwaysshowmusicosd)</onclick>
                    </control>
                    <control type="radiobutton" id="9232" description="Lyrics">
                        <width>1310</width>
                        <visible>ControlGroup(9100).HasFocus(9103)</visible>
                        <include>DefSettingsButton</include>
                        <label>37535</label>
                        <selected>Skin.HasSetting(musicosd.showvideolyrics)</selected>
                        <onclick>Skin.ToggleSetting(musicosd.showvideolyrics)</onclick>
                    </control>
					<control type="radiobutton" id="9233">
                        <width>1310</width>
                        <visible>ControlGroup(9100).HasFocus(9103)</visible>
                        <include>DefSettingsButton</include>
                        <label>31218</label>
						<selected>Skin.HasSetting(musicosd.numericrating)</selected>
                    	<onclick>Skin.ToggleSetting(musicosd.numericrating)</onclick>
					</control> 
					<control type="radiobutton" id="9234">
                        <width>1310</width>
                        <visible>ControlGroup(9100).HasFocus(9103)</visible>
                        <include>DefSettingsButton</include>
                        <label>37510</label>
                        <selected>Skin.HasSetting(ALternativeCD)</selected>
                        <onclick>Skin.ToggleSetting(ALternativeCD)</onclick>
                    </control> 
					<control type="radiobutton" id="9235" description="Lyrics">
                        <width>1310</width>
                        <visible>ControlGroup(9100).HasFocus(9103)</visible>
                        <include>DefSettingsButton</include>
                        <label>37548</label>
                        <selected>Skin.HasSetting(hideseekbaronlyrics)</selected>
						<onclick>Skin.ToggleSetting(hideseekbaronlyrics)</onclick>
                    </control>

                    
                    <!--MUSIC VIDEO OSD -->
                    <control type="button" id="9300">
                        <width>1310</width>
                        <visible>ControlGroup(9100).HasFocus(9109)</visible>
                        <textoffsetx>20</textoffsetx>
                        <font>Button</font>
                        <textcolor>PanelWhite30</textcolor>
                        <include>DefSettingsButtonNew</include>
                        <label>37599</label>
                        <enable>false</enable>                    
                    </control>
                    <control type="button" id="9303" description="SELECT INFO">					
                        <include>DefSettingsButton</include>
                        <visible>ControlGroup(9100).HasFocus(9109)</visible>
                        <label>37746</label>
                        <label2>$VAR[InfoTypeLabel]</label2>
                        <onclick condition="!Skin.HasSetting(wipinfo)">Skin.ToggleSetting(wipinfo)</onclick>                    
                        <onclick condition="Skin.HasSetting(wipinfo)">Skin.Reset(wipinfo)</onclick>                    
                    </control>  
                    <control type="button" id="9304">
                        <width>1310</width>
                        <visible>ControlGroup(9100).HasFocus(9109)</visible>
                        <textoffsetx>20</textoffsetx>
                        <font>Button</font>
                        <textcolor>PanelWhite30</textcolor>
                        <include>DefSettingsButtonNew</include>
                        <label>37748</label>
                        <enable>false</enable>                    
                    </control>                 
					<control type="radiobutton" id="9305">
                        <width>1310</width>
                        <visible>ControlGroup(9100).HasFocus(9109)</visible>
                        <include>DefSettingsButton</include>
						<label>37553</label>                   
                    	<selected>Skin.HasSetting(hidefilenameandpath)</selected>
                    	<onclick>Skin.ToggleSetting(hidefilenameandpath)</onclick>
					</control>
					<control type="radiobutton" id="9306">
                        <width>1310</width>
                        <visible>ControlGroup(9100).HasFocus(9109)</visible>
                        <include>DefSettingsButton</include>
						<label>37556</label>                   
                    	<selected>Skin.HasSetting(HideActorImages)</selected>
                    	<onclick>Skin.ToggleSetting(HideActorImages)</onclick>
					</control>
					<control type="radiobutton" id="9308">
                        <width>1310</width>
                        <visible>ControlGroup(9100).HasFocus(9109)</visible>
                        <include>DefSettingsButton</include>
						<label>37660</label>                   
                    	<selected>Skin.HasSetting(PlayTrailerWindowed)</selected>
                    	<onclick>Skin.ToggleSetting(PlayTrailerWindowed)</onclick>
					</control>
                    <control type="radiobutton" id="9309">
                        <width>1310</width>
                        <visible>ControlGroup(9100).HasFocus(9109)</visible>
                        <include>DefSettingsButton</include>
						<label>37520</label>                   
                    	<selected>Skin.HasSetting(show.studiologos)</selected>
                    	<onclick>Skin.ToggleSetting(show.studiologos)</onclick>
					</control>
                    
                    
                    <!-- FARBEN -->
                    <control type="button" id="9251">
                        <width>1310</width>
                        <visible>ControlGroup(9100).HasFocus(9110)</visible>
                        <textoffsetx>20</textoffsetx>
                        <font>Button</font>
                        <textcolor>PanelWhite30</textcolor>
                        <include>DefSettingsButtonNew</include>
                        <label>37642</label>
                        <enable>false</enable>                    
                    </control> 
                    <control type="radiobutton" id="9252" description="Set Custom Colour">
                        <width>1310</width>
                        <visible>ControlGroup(9100).HasFocus(9110)</visible>
                        <include content="DefContextButtonColorbox">
							<param name="colorcode" value="$VAR[ColorHighlight]" />
						</include>
                        <label>$LOCALIZE[37647]</label>
                        <!--<onclick>ActivateWindow(1107)</onclick>-->
						<onclick condition="!System.HasAddon(script.skin.helper.colorpicker)">InstallAddon(script.skin.helper.colorpicker)</onclick>
						<onclick>RunScript(script.skin.helper.colorpicker,skinstring=focuscolor.name)</onclick>
                    </control>					
					<control type="radiobutton" id="9253" description="Set Custom Stars Colour">
                        <width>1310</width>
                        <visible>ControlGroup(9100).HasFocus(9110)</visible>
                        <include content="DefContextButtonColorbox">
							<param name="colorcode" value="$VAR[ColorSquares]" />
						</include>
                        <label>37646</label>
                        <!--<onclick>ActivateWindow(1107)</onclick>-->
						<onclick condition="!System.HasAddon(script.skin.helper.colorpicker)">InstallAddon(script.skin.helper.colorpicker)</onclick>
						<onclick>RunScript(script.skin.helper.colorpicker,skinstring=squarecolor.name)</onclick>
                    </control>					
					<control type="radiobutton" id="9254" description="Set Custom Stars Colour">
                        <width>1310</width>
                        <visible>ControlGroup(9100).HasFocus(9110)</visible>
                        <include content="DefContextButtonColorbox">
							<param name="colorcode" value="$VAR[ColorStars]" />
						</include>
                        <label>37644</label>
                        <!--<onclick>ActivateWindow(1107)</onclick>-->
						<onclick condition="!System.HasAddon(script.skin.helper.colorpicker)">InstallAddon(script.skin.helper.colorpicker)</onclick>
						<onclick>RunScript(script.skin.helper.colorpicker,skinstring=starscolor.name)</onclick>
                    </control>					
					<control type="radiobutton" id="9255" description="Set Custom Stars Colour">
                        <width>1310</width>
                        <visible>ControlGroup(9100).HasFocus(9110)</visible>
                        <include content="DefContextButtonColorbox">
							<param name="colorcode" value="$VAR[ColorRating]" />
						</include>
                        <label>37645</label>
                        <!--<onclick>ActivateWindow(1107)</onclick>-->
						<onclick condition="!System.HasAddon(script.skin.helper.colorpicker)">InstallAddon(script.skin.helper.colorpicker)</onclick>
						<onclick>RunScript(script.skin.helper.colorpicker,skinstring=ratingcolor.name)</onclick>
                    </control>
					<control type="radiobutton" id="9256" description="Set Custom Stars Colour">
                        <width>1310</width>
                        <visible>ControlGroup(9100).HasFocus(9110)</visible>
                        <include content="DefContextButtonColorbox">
							<param name="colorcode" value="$VAR[ColorUserrating]" />
						</include>
                        <label>37648</label>
                        <!--<onclick>ActivateWindow(1107)</onclick>-->
						<onclick condition="!System.HasAddon(script.skin.helper.colorpicker)">InstallAddon(script.skin.helper.colorpicker)</onclick>
						<onclick>RunScript(script.skin.helper.colorpicker,skinstring=userratingcolor.name)</onclick>
                    </control>					
					<control type="radiobutton" id="9257" description="Set Custom Stars Colour">
                        <width>1310</width>
                        <visible>ControlGroup(9100).HasFocus(9110)</visible>
                        <include content="DefContextButtonColorbox">
							<param name="colorcode" value="$VAR[ColorKodiLogo]" />
						</include>
                        <label>37661</label>
                        <!--<onclick>ActivateWindow(1107)</onclick>-->
						<onclick condition="!System.HasAddon(script.skin.helper.colorpicker)">InstallAddon(script.skin.helper.colorpicker)</onclick>
						<onclick>RunScript(script.skin.helper.colorpicker,skinstring=kodilogocolor.name)</onclick>
                    </control>	


					<!-- BACKUP -->
                    <control type="button" id="9230">
                        <width>1310</width>
                        <visible>ControlGroup(9100).HasFocus(9112)</visible>
                        <textoffsetx>20</textoffsetx>
                        <font>Button</font>
                        <textcolor>PanelWhite30</textcolor>
                        <include>DefSettingsButtonNew</include>
                        <label>37599</label>
                        <enable>false</enable>                    
                    </control> 
					<control type="button" id="9239" description="Backup">
                        <width>1310</width>
                        <visible>ControlGroup(9100).HasFocus(9112)</visible>
                        <include>DefSettingsButton</include>
                        <label>$LOCALIZE[31002]</label>
                        <onclick>RunScript(script.skin.helper.service,action=backup)</onclick>
                    </control>
                    <control type="button" id="9240" description="Restore">
                        <width>1310</width>
                        <visible>ControlGroup(9100).HasFocus(9112)</visible>
                        <include>DefSettingsButton</include>
                        <label>$LOCALIZE[31003]</label>
                        <onclick>RunScript(script.skin.helper.service,action=restore)</onclick>
                    </control>
					
					
                    <!-- RESSOURCES -->
                    <control type="button" id="9250">
                        <width>1310</width>
                        <visible>ControlGroup(9100).HasFocus(9111)</visible>
                        <textoffsetx>20</textoffsetx>
                        <font>Button</font>
                        <textcolor>PanelWhite30</textcolor>
                        <include>DefSettingsButtonNew</include>
                        <label>37525</label>
                        <enable>false</enable>                    
                    </control>
					<control type="button" id="9283" description="Movie Genre">
                        <width>1310</width>
                        <visible>ControlGroup(9100).HasFocus(9111)</visible>
                        <include>DefSettingsButton</include>
                        <label>Movie Genre Icons</label>
						<label2>$VAR[Label_GenreIcons]</label2>
                        <onclick>RunScript(script.image.resource.select,property=genre.icons&amp;type=resource.images.moviegenreicons)</onclick>	
                    </control>					 
					<control type="button" id="9284" description="Studios">
                        <width>1310</width>
                        <visible>ControlGroup(9100).HasFocus(9111)</visible>
                        <include>DefSettingsButton</include>
                        <label>Studio Icons</label>
						<label2>$VAR[Label_StudioIcons]</label2>
                        <onclick>RunScript(script.image.resource.select,property=studio.logos&amp;type=resource.images.studios)</onclick>
                    </control>					
					<control type="button" id="9285" description="Studios">
                        <width>1310</width>
                        <visible>ControlGroup(9100).HasFocus(9111)</visible>
                        <include>DefSettingsButton</include>
                        <label>Record Label Icons</label>
						<label2>$VAR[Label_RecordLabelIcons]</label2>
                        <onclick>RunScript(script.image.resource.select,property=recordlabel.logos&amp;type=resource.images.recordlabels)</onclick>
                    </control>  
					 
                    
                    <!-- LEIA MOD --> 
					<control type="label">
						<visible>ControlGroup(9100).HasFocus(9108)</visible>
						<description>Loading</description>
						<width>100%</width>
						<height>55</height>
						<align>center</align>
						<aligny>center</aligny>
						<label>Arctic [COLOR=$VAR[ColorHighlight]]Zephyr[/COLOR]</label>
						<font>EpisodeNumber</font>
						<textcolor>PanelWhite100</textcolor>
					</control>
					<control type="image">
						<visible>ControlGroup(9100).HasFocus(9108)</visible>
						<aspectratio scalediffuse="false">keep</aspectratio>
						<height>87</height>
						<left>-490</left>
						<texture>backg/elegantnew.png</texture>				
					</control>
                    <control type="button" id="9560">
                        <width>1310</width>
						<height>280</height>
                        <visible>ControlGroup(9100).HasFocus(9108)</visible>
                        <include>DefSettingsButtonLabelInfo</include>
                        <label>37659</label>
                        <enable>false</enable>                    
                    </control>
                    <control type="radiobutton" id="9563" description="Show Clear Logo">
                        <width>1310</width>
                        <visible>ControlGroup(9100).HasFocus(9108)</visible>
                        <include>DefSettingsButtonDebug</include>
                        <label>37658</label>
                        <onclick>Skin.ToggleSetting(Skin.ToggleDebug)</onclick>
                        <onclick>Skin.ToggleDebug</onclick>
                        <selected>Skin.HasSetting(Skin.ToggleDebug)</selected>
                    </control>


<!--
					<control type="radiobutton" id="9541">
                        <width>1310</width>
                        <visible>ControlGroup(9100).HasFocus(9109)</visible>
                        <include>DefSettingsButton</include>
						<label>script.module.metadatautils $INFO[System.AddonVersion(script.module.metadatautils),(,)]</label>
						<selected>System.HasAddon(script.module.metadatautils)</selected>
						<onclick condition="!System.HasAddon(script.module.metadatautils)">InstallAddon(script.module.metadatautils)</onclick>
						<onclick condition="System.HasAddon(script.module.metadatautils)">Addon.OpenSettings(script.module.metadatautils)</onclick> 
					</control> 
					<control type="radiobutton" id="9542">
                        <width>1310</width>
                        <visible>ControlGroup(9100).HasFocus(9109)</visible>
                        <include>DefSettingsButton</include>
						<label>script.colorbox $INFO[System.AddonVersion(script.colorbox),(,)]</label>
						<selected>System.HasAddon(script.colorbox)</selected> 
						<onclick condition="!System.HasAddon(script.colorbox)">InstallAddon(script.colorbox)</onclick>
						<onclick condition="System.HasAddon(script.colorbox)">Addon.OpenSettings(script.colorbox)</onclick>                 
					</control>
					<control type="radiobutton" id="9543">
                        <width>1310</width>
                        <visible>ControlGroup(9100).HasFocus(9109)</visible>
                        <include>DefSettingsButton</include>
						<label>script.skin.helper.colorpicker $INFO[System.AddonVersion(script.skin.helper.colorpicker),(,)]</label>
						<selected>System.HasAddon(script.skin.helper.colorpicker)</selected> 
						<onclick condition="!System.HasAddon(script.skin.helper.colorpicker)">InstallAddon(script.skin.helper.colorpicker)</onclick>
						<onclick condition="System.HasAddon(script.skin.helper.colorpicker)">Addon.OpenSettings(script.skin.helper.colorpicker)</onclick>                 
					</control>  
					<control type="radiobutton" id="9545">
                        <width>1310</width>
                        <visible>ControlGroup(9100).HasFocus(9109)</visible>
                        <include>DefSettingsButton</include>
						<label>script.skin.helper.service $INFO[System.AddonVersion(script.skin.helper.service),(,)]</label>
						<selected>System.HasAddon(script.skin.helper.service)</selected>  
						<onclick condition="!System.HasAddon(script.skin.helper.service)">InstallAddon(plugin://script.skin.helper.service)</onclick>
						<onclick condition="System.HasAddon(script.skin.helper.service)">Addon.OpenSettings(script.skin.helper.service)</onclick>                 
					</control>  
					<control type="radiobutton" id="9546">
                        <width>1310</width>
                        <visible>ControlGroup(9100).HasFocus(9109)</visible>
                        <include>DefSettingsButton</include>
						<label>script.extendedinfo $INFO[System.AddonVersion(script.extendedinfo),(,)]</label>
						<selected>System.HasAddon(script.extendedinfo)</selected> 
						<onclick condition="!System.HasAddon(script.extendedinfo)">InstallAddon(script.extendedinfo)</onclick>
						<onclick condition="System.HasAddon(script.extendedinfo)">Addon.OpenSettings(script.extendedinfo)</onclick>                 
					</control>                    
                    -->
					<!--<control type="radiobutton" id="9601" description="Match theme">
                        <width>1310</width>
                        <visible>ControlGroup(9100).HasFocus(9123)</visible>
                        <include>DefSettingsButton</include>
                        <label>37609</label>
                        <selected>Skin.HasSetting(osd.usethemeNewOSD)</selected>
                        <onclick>Skin.ToggleSetting(osd.usethemeNewOSD)</onclick>
                    </control>-->
					<!--<control type="radiobutton" id="9229" description="Alternative DVD">
                        <width>1310</width>
                        <visible>ControlGroup(9100).HasFocus(9108)</visible>
                        <include>DefSettingsButton</include>
                        <label>Fake DVD</label>
                        <selected>Skin.HasSetting(fakedvd)</selected>
                        <onclick>Skin.ToggleSetting(fakedvd)</onclick>
                    </control>-->
					<!--<control type="radiobutton" id="9311" description="FlagsSquares">
                        <width>1310</width>
                        <visible>ControlGroup(9100).HasFocus(9108)</visible>
                        <include>DefSettingsButton</include>
                        <label>Media-Flag Symbol anzeigen (alternativ)</label>
                        <selected>Skin.HasSetting(furniture.flagsquares)</selected>
                        <onclick>Skin.ToggleSetting(furniture.flagsquares)</onclick>
						<onclick>Skin.Reset(furniture.flagicons)</onclick>
                    </control>-->
                    <!-- Furniture -->
                    <control type="button" id="9250">
                        <width>1310</width>
                        <visible>ControlGroup(9100).HasFocus(9106)</visible>
                        <textoffsetx>20</textoffsetx>
                        <font>Button</font>
                        <textcolor>PanelWhite30</textcolor>
                        <include>DefSettingsButtonNew</include>
                        <label>37599</label>
                        <enable>false</enable>                    
                    </control>
                    <control type="radiobutton" id="9251" description="Header">
                        <width>1310</width>
                        <visible>ControlGroup(9100).HasFocus(9106)</visible>
                        <include>DefSettingsButton</include>
                        <label>31115</label>
                        <selected>!Skin.HasSetting(furniture.header)</selected>
                        <onclick>Skin.ToggleSetting(furniture.header)</onclick>
                    </control>
                    <control type="radiobutton" id="9252" description="Clock">
                        <width>1310</width>
                        <visible>ControlGroup(9100).HasFocus(9106)</visible>
                        <include>DefSettingsButton</include>
                        <label>31153</label>
                        <selected>!Skin.HasSetting(furniture.clock)</selected>
                        <onclick>Skin.ToggleSetting(furniture.clock)</onclick>
                    </control>
                    <control type="radiobutton" id="9253" description="Weather">
                        <width>1310</width>
                        <visible>ControlGroup(9100).HasFocus(9106)</visible>
                        <include>DefSettingsButton</include>
                        <label>31197</label>
                        <selected>Skin.HasSetting(furniture.weather)</selected>
                        <onclick>Skin.Reset(furniture.topweather)</onclick>
                        <onclick>Skin.ToggleSetting(furniture.weather)</onclick>
                        <enable>!Skin.HasSetting(furniture.clock)</enable>
                    </control>
                    <control type="radiobutton" id="9255" description="Weather Top">
                        <width>1310</width>
                        <visible>ControlGroup(9100).HasFocus(9106)</visible>
                        <include>DefSettingsButton</include>
                        <label>31145</label>
                        <selected>Skin.HasSetting(furniture.topweather)</selected>
                        <onclick>Skin.Reset(furniture.weather)</onclick>
                        <onclick>Skin.ToggleSetting(furniture.topweather)</onclick>
                    </control>
					<control type="radiobutton" id="9257" description="Weather Clock Left">
                        <width>1310</width>
                        <visible>ControlGroup(9100).HasFocus(9106)</visible>
                        <include>DefSettingsButton</include>
                        <label>Temperatur und Icon anzeigen</label>
                        <selected>Skin.HasSetting(furniture.weatherleft)</selected>
                        <onclick>Skin.Reset(furniture.weather)</onclick>
						<onclick>Skin.Reset(furniture.topweather)</onclick>
                        <onclick>Skin.ToggleSetting(furniture.weatherleft)</onclick>
                    </control>
                    <control type="button" id="9258">
                        <width>1310</width>
                        <visible>ControlGroup(9100).HasFocus(9106)</visible>
                        <textoffsetx>20</textoffsetx>
                        <font>Button</font>
                        <textcolor>PanelWhite30</textcolor>
                        <include>DefSettingsButtonNew</include>
                        <label>37757</label>
                        <enable>false</enable>                    
                    </control>
                    <control type="radiobutton" id="9259" description="Flags">
                        <width>1310</width>
                        <visible>ControlGroup(9100).HasFocus(9106)</visible>
                        <include>DefSettingsButton</include>
                        <label>31154</label>
                        <selected>!Skin.HasSetting(furniture.flags)</selected>
                        <onclick>Skin.ToggleSetting(furniture.flags)</onclick>
                    </control>
                    <control type="radiobutton" id="9261" description="FlagsIcons">
                        <width>1310</width>
                        <visible>ControlGroup(9100).HasFocus(9106)</visible>
                        <include>DefSettingsButton</include>
                        <label>31246</label>
                        <selected>Skin.HasSetting(furniture.flagicons)</selected>
                        <onclick>Skin.ToggleSetting(furniture.flagicons)</onclick>
						<onclick>Skin.Reset(furniture.flagsquares)</onclick>
                    </control>
					<control type="radiobutton" id="9262">
                        <width>1310</width>
                        <visible>ControlGroup(9100).HasFocus(9106)</visible>
                        <include>DefSettingsButton</include>
						<label>37521</label>
						<selected>Skin.HasSetting(furniture.coloredicons)</selected>
                    	<onclick>Skin.ToggleSetting(furniture.coloredicons)</onclick>
					</control>
					<control type="radiobutton" id="9264">
                        <width>1310</width>
                        <visible>ControlGroup(9100).HasFocus(9106)</visible>
                        <include>DefSettingsButton</include>
						<label>37522</label>
						<selected>Skin.HasSetting(furniture.showtomatoesandmetacritics)</selected>
                    	<onclick>Skin.ToggleSetting(furniture.showtomatoesandmetacritics)</onclick>
					</control>
                    <control type="radiobutton" id="9265">
                        <width>1310</width>
                        <visible>ControlGroup(9100).HasFocus(9106)</visible>
                        <include>DefSettingsButton</include>
						<label>37531</label>
						<selected>Skin.HasSetting(furniture.showuserrating)</selected>
                    	<onclick>Skin.ToggleSetting(furniture.showuserrating)</onclick>
					</control>					
                    <control type="radiobutton" id="9267" description="Numeric Rating">
                        <width>1310</width>
                        <visible>ControlGroup(9100).HasFocus(9106)</visible>
                        <include>DefSettingsButton</include>
                        <label>31218</label>
                        <selected>Skin.HasSetting(furniture.numericrating)</selected>
                        <onclick>Skin.ToggleSetting(furniture.numericrating)</onclick>
                        <enable>!Skin.HasSetting(furniture.flags)</enable>
                    </control>
                    <control type="button" id="9268">
                        <width>1310</width>
                        <visible>ControlGroup(9100).HasFocus(9106)</visible>
                        <textoffsetx>20</textoffsetx>
                        <font>Button</font>
                        <textcolor>PanelWhite30</textcolor>
                        <include>DefSettingsButtonNew</include>
                        <label>37752</label>
                        <enable>false</enable>                    
                    </control>
                    <control type="radiobutton" id="9269" description="Now Playing">
                        <width>1310</width>
                        <visible>ControlGroup(9100).HasFocus(9106)</visible>
                        <include>DefSettingsButton</include>
                        <label>31155</label>
                        <selected>!Skin.HasSetting(furniture.nowplaying)</selected>
                        <onclick>Skin.ToggleSetting(furniture.nowplaying)</onclick>
                    </control>
                    <control type="radiobutton" id="9271" description="Clearlogo">
                        <width>1310</width>
                        <visible>ControlGroup(9100).HasFocus(9106)</visible>
                        <include>DefSettingsButton</include>
                        <label>31179</label>
                        <selected>Skin.HasSetting(furniture.logo)</selected>
                        <onclick>Skin.ToggleSetting(furniture.logo)</onclick>
                    </control>
                    <control type="radiobutton" id="9272" description="Reflections">
                        <width>1310</width>
                        <visible>ControlGroup(9100).HasFocus(9106)</visible>
                        <include>DefSettingsButton</include>
                        <label>31219</label>
                        <selected>Skin.HasSetting(show.reflections)</selected>
                        <onclick>Skin.ToggleSetting(show.reflections)</onclick>
                    </control>
                    <control type="radiobutton" id="9273" description="Plot Overlay">
                        <width>1310</width>
                        <visible>ControlGroup(9100).HasFocus(9106)</visible>
                        <include>DefSettingsButton</include>
                        <label>31254</label>
                        <selected>Skin.HasSetting(furniture.overlayinfo)</selected>
                        <onclick>Skin.ToggleSetting(furniture.overlayinfo)</onclick>
                    </control>		
					<!--<control type="button" id="9250">
						<include>DefSettingsButton</include>
						<align>left</align>
						<label>37654</label>
						<onclick>ActivateWindow(1279)</onclick>
						<visible>ControlGroup(9100).HasFocus(9106)</visible>	
					</control>-->				                   
                    <control type="radiobutton" id="9281">
                        <width>1310</width>
                        <visible>ControlGroup(9100).HasFocus(9106)</visible>
                        <include>DefSettingsButton</include>
                        <label>37500</label>
                        <selected>Skin.HasSetting(furniture.animatedposters)</selected>
                        <onclick>Skin.ToggleSetting(furniture.animatedposters)</onclick>
                    </control>
					<control type="radiobutton" id="9282">
                        <width>1310</width>
                        <visible>ControlGroup(9100).HasFocus(9106)</visible>
                        <include>DefSettingsButton</include>
                        <label>37501</label>
                        <selected>Skin.HasSetting(furniture.animatedfanarts)</selected>
                        <onclick>Skin.ToggleSetting(furniture.animatedfanarts)</onclick>
                    </control>
					<control type="radiobutton" id="9284">
                        <width>1310</width>
                        <visible>ControlGroup(9100).HasFocus(9106)</visible>
                        <include>DefSettingsButton</include>
                        <label>37506</label>
                        <selected>Skin.HasSetting(wall.infooverlay)</selected>
                        <onclick>Skin.ToggleSetting(wall.infooverlay)</onclick>
                    </control>
					<control type="radiobutton" id="9285">
                        <width>1310</width>
                        <visible>ControlGroup(9100).HasFocus(9106)</visible>
                        <include>DefSettingsButton</include>
						<label>37507</label>
                    	<selected>Skin.HasSetting(furniture.overlayinfobalken)</selected>
                    	<onclick>Skin.ToggleSetting(furniture.overlayinfobalken)</onclick>
					</control>					
					<control type="radiobutton" id="9286">
                        <width>1310</width>
                        <visible>ControlGroup(9100).HasFocus(9106)</visible>
                        <include>DefSettingsButton</include>
						<label>37505</label>
                    	<selected>Skin.HasSetting(furniture.overlaysnew)</selected>
                    	<onclick>Skin.ToggleSetting(furniture.overlaysnew)</onclick>
					</control>					
					<control type="radiobutton" id="9288">
                        <width>1310</width>
                        <visible>ControlGroup(9100).HasFocus(9106)</visible>
                        <include>DefSettingsButton</include>
						<label>37503</label>
                    	<selected>Skin.HasSetting(discartfanart)</selected>
                    	<onclick>Skin.ToggleSetting(discartfanart)</onclick>
					</control>
					<control type="radiobutton" id="9289">
                        <width>1310</width>
                        <visible>ControlGroup(9100).HasFocus(9106)</visible>
                        <include>DefSettingsButton</include>
						<label>37504</label>
						<selected>Skin.HasSetting(ModernCase)</selected>
                    	<onclick>Skin.ToggleSetting(ModernCase)</onclick>
					</control>
					<control type="radiobutton" id="9290">
                        <width>1310</width>
                        <visible>ControlGroup(9100).HasFocus(9106)</visible>
                        <include>DefSettingsButton</include>
						<label>37519</label>
						<selected>Skin.HasSetting(views.oldselector)</selected>
                    	<onclick>Skin.ToggleSetting(views.oldselector)</onclick>
					</control>											
					<control type="radiobutton" id="9291">
                        <width>1310</width>
                        <visible>ControlGroup(9100).HasFocus(9106)</visible>
                        <include>DefSettingsButton</include>
						<label>37545</label>
						<selected>Skin.HasSetting(dontuselandscapetvshows)</selected>
                    	<onclick>Skin.ToggleSetting(dontuselandscapetvshows)</onclick>
					</control>
					<control type="radiobutton" id="9292">
                        <width>1310</width>
                        <visible>ControlGroup(9100).HasFocus(9106)</visible>
                        <include>DefSettingsButton</include>
						<label>37547</label>
						<selected>Skin.HasSetting(dontuselandscapeseasons)</selected>
                    	<onclick>Skin.ToggleSetting(dontuselandscapeseasons)</onclick>
					</control>
					<control type="radiobutton" id="9294">
                        <width>1310</width>
                        <visible>ControlGroup(9100).HasFocus(9106)</visible>
                        <include>DefSettingsButton</include>
						<label>37546</label>
						<selected>Skin.HasSetting(dontuselandscapemovies)</selected>
                    	<onclick>Skin.ToggleSetting(dontuselandscapemovies)</onclick>
					</control>
                    <control type="button" id="9295">
                        <width>1310</width>
                        <visible>ControlGroup(9100).HasFocus(9106)</visible>
                        <textoffsetx>20</textoffsetx>
                        <font>Button</font>
                        <textcolor>PanelWhite30</textcolor>
                        <include>DefSettingsButtonNew</include>
                        <label>37753</label>
                        <enable>false</enable>                    
                    </control>					
					<control type="radiobutton" id="9296">
                        <width>1310</width>
                        <visible>ControlGroup(9100).HasFocus(9106)</visible>
                        <include>DefSettingsButton</include>
						<label>37745</label>                   
                    	<selected>Skin.HasSetting(hub.showplot)</selected>
                    	<onclick>Skin.ToggleSetting(hub.showplot)</onclick>
					</control>
                    <control type="button" id="9297">
                        <width>1310</width>
                        <visible>ControlGroup(9100).HasFocus(9106)</visible>
                        <textoffsetx>20</textoffsetx>
                        <font>Button</font>
                        <textcolor>PanelWhite30</textcolor>
                        <include>DefSettingsButtonNew</include>
                        <label>37596</label>
                        <enable>false</enable>                    
                    </control>
                    <control type="radiobutton" id="9299">
                        <width>1310</width>
                        <visible>ControlGroup(9100).HasFocus(9106)</visible>
                        <include>DefSettingsButton</include>
						<label>$LOCALIZE[37552]</label>                   
                    	<selected>Skin.HasSetting(olddialogbuttons)</selected>
                    	<onclick>Skin.ToggleSetting(olddialogbuttons)</onclick>
					</control>
                    

                    <!-- Extras -->
                    <control type="button" id="9304">
                        <width>1310</width>
                        <visible>ControlGroup(9100).HasFocus(9107)</visible>
                        <textoffsetx>20</textoffsetx>
                        <font>Button</font>
                        <textcolor>PanelWhite30</textcolor>
                        <include>DefSettingsButtonNew</include>
                        <label>37599</label>
                        <enable>false</enable>                    
                    </control> 
                    <control type="radiobutton" id="9305" description="Big Wide Info (51)">
						<width>1310</width>
						<align>left</align>
						<label>37617</label>
						<visible>ControlGroup(9100).HasFocus(9107)</visible>
						<include>DefSettingsButton</include>
						<selected>Skin.HasSetting(NewTime)</selected>
						<onclick>Skin.ToggleSetting(NewTime)</onclick>
					</control>
                    <control type="radiobutton" id="9306">
                        <width>1310</width>
                        <visible>ControlGroup(9100).HasFocus(9107)</visible>
                        <include>DefSettingsButton</include>
						<label>37514</label>                   
                    	<selected>Skin.HasSetting(thumbnails.white)</selected>
                    	<onclick>Skin.ToggleSetting(thumbnails.white)</onclick>
					</control>
                    <control type="button" id="9307">
                        <width>1310</width>
                        <visible>ControlGroup(9100).HasFocus(9107)</visible>
                        <textoffsetx>20</textoffsetx>
                        <font>Button</font>
                        <textcolor>PanelWhite30</textcolor>
                        <include>DefSettingsButtonNew</include>
                        <label>37596</label>
                        <enable>false</enable>                    
                    </control> 
                    <control type="button" id="9308" description="Startup Video">
                        <width>1310</width>
                        <visible>ControlGroup(9100).HasFocus(9107)</visible>
                        <include>DefSettingsButton</include>
                        <label>31168</label>
                        <label2>$INFO[Skin.String(StartupPlaylist)]</label2>
                        <onclick condition="String.IsEmpty(Skin.String(StartupPlaylist))">Skin.SetFile(StartupPlaylist,.mp4|.avi|.mkv|.xvid|.wmv|.mov|.xsp|.mp3|.wma|.flac|.m3u)</onclick>
                        <onclick condition="!String.IsEmpty(Skin.String(StartupPlaylist))">Skin.Reset(StartupPlaylist)</onclick>
                    </control>
                    <control type="button" id="9309" description="Set Fallback Image">
                        <width>1310</width>
                        <visible>ControlGroup(9100).HasFocus(9107)</visible>
                        <include>DefSettingsButton</include>
                        <label>37716</label>
                        <label2>$INFO[Skin.String(startupfanart.fallback)]</label2>
                        <onclick>SetProperty(Dialog.1.Label,$LOCALIZE[16018])</onclick>
                        <onclick>SetProperty(Dialog.1.BuiltIn,Skin.Reset(startupfanart.fallback))</onclick>
                        <onclick>SetProperty(Dialog.2.Label,$LOCALIZE[31271])</onclick>
                        <onclick>SetProperty(Dialog.2.BuiltIn,Skin.SetImage(startupfanart.fallback))</onclick>
                        <onclick>RunScript(script.embuary.helper,action=createselect,header=$LOCALIZE[37716])</onclick>  
                    </control>
					<!--<control type="radiobutton" id="9274">
                        <width>1310</width>
                        <visible>ControlGroup(9100).HasFocus(9107)</visible>
                        <include>DefSettingsButton</include>
						<label>$VAR[ColorSquares]</label>
						<selected>Skin.HasSetting(furniture.coloredicons)</selected>
                    	<onclick>Skin.ToggleSetting(furniture.coloredicons)</onclick>
					</control>-->
					<!--<control type="button" id="9278" description="Set Custom Colour">
                        <width>1310</width>
                        <visible>ControlGroup(9100).HasFocus(9107)</visible>
                        <include>DefSettingsButton</include>
                        <label>Backgroundcolor</label>
                        <label2>$INFO[Skin.String(backgroundcolor.name)]</label2>
                        <onclick>ActivateWindow(1127)</onclick>
                    </control>-->
                    <control type="radiobutton" id="9340" description="Kiosk Mode">
                        <width>1310</width>
                        <visible>ControlGroup(9100).HasFocus(9107)</visible>
                        <include>DefSettingsButton</include>
                        <label>31199</label>
                        <selected>Skin.HasSetting(global.kioskmode)</selected>
                        <onclick>Skin.ToggleSetting(global.kioskmode)</onclick>
                    </control>
                    <control type="radiobutton" id="9344" description="Dont use circle icons">
                        <width>1310</width>
                        <visible>ControlGroup(9100).HasFocus(9107)</visible>
                        <include>DefSettingsButton</include>
                        <label>31186</label>
                        <selected>!Skin.HasSetting(global.hidecirles)</selected>
                        <onclick>Skin.ToggleSetting(global.hidecirles)</onclick>
                    </control>
                    <control type="radiobutton" id="9345" description="Busy Loader Minimal">
                        <width>1310</width>
                        <visible>ControlGroup(9100).HasFocus(9107)</visible>
                        <include>DefSettingsButton</include>
                        <label>31237</label>
                        <selected>Skin.HasSetting(hide.busydialog)</selected>
                        <onclick>Skin.ToggleSetting(hide.busydialog)</onclick>
                    </control>
                    <control type="radiobutton" id="9347" description="Horz Sub">
                        <width>1310</width>
                        <visible>ControlGroup(9100).HasFocus(9107)</visible>
                        <include>DefSettingsButton</include>
                        <label>31202</label>
                        <visible>!Skin.HasSetting(home.showicons) + !Skin.HasSetting(home.vertical)</visible>
						<!--<enable>!Skin.HasSetting(home.showicons) + !Skin.HasSetting(home.vertical)</enable>-->
                        <selected>Skin.HasSetting(home.submenu2)</selected>
                        <onclick>Skin.ToggleSetting(home.submenu2)</onclick>
                    </control>
                    <control type="radiobutton" id="9348" description="Show Header">
                        <width>1310</width>
                        <visible>ControlGroup(9100).HasFocus(9107)</visible>
                        <include>DefSettingsButton</include>
                        <label>$LOCALIZE[31115] ($LOCALIZE[10000])</label>
                        <selected>Skin.HasSetting(home.showheader)</selected>
                        <onclick>Skin.ToggleSetting(home.showheader)</onclick>
                        <!--<enable>!Skin.HasSetting(home.vertical)</enable>-->
						<visible>!Skin.HasSetting(home.vertical)</visible>
                    </control>
                </control>
                
                
                
                <!-- Lines -->
                <control type="image">
                    <top>10</top>
                    <left>450</left>
                    <width>1</width>
                    <bottom>10</bottom>
                    <colordiffuse>Black12</colordiffuse>
                    <texture>common/white.png</texture>
                </control>
         
                
                <!-- Header -->
                <control type="label">
                    <left>30</left>
                    <width>390</width>
                    <posy>18</posy>
                    <font>MediumBold</font>
                    <label>5</label>
                    <textcolor>PanelWhite100</textcolor>
                </control>
                <control type="label">
                    <left>30</left>
                    <right>30</right>
                    <posy>77</posy>
                    <height>30</height>
                    <font>Tiny</font>
                    <textcolor>PanelWhite70</textcolor>
                    <scroll>true</scroll>
                    <align>left</align>
                    <textoffsetx>0</textoffsetx>
                    <texturenofocus>noop</texturenofocus>
                    <texturefocus>noop</texturefocus>
                    <label>$INFO[System.ProfileName]</label>
                </control>
                <control type="label">
                    <left>480</left>
                    <width>390</width>
                    <posy>18</posy>
                    <font>MediumBold</font>
                    <label>$VAR[Label_SettingsHeader]</label>
                    <textcolor>PanelWhite100</textcolor>
                </control>
                <control type="label">
                    <left>480</left>
                    <right>30</right>
                    <posy>77</posy>
                    <height>30</height>
                    <font>Tiny</font>
                    <textcolor>PanelWhite70</textcolor>
                    <scroll>true</scroll>
                    <label>19055</label>
                </control>
				
            </control>
        </control>
    </controls>
</window>
