<?xml version="1.0" encoding="UTF-8"?>
    <addon id="repository.Atrion18B" name="[COLOR maroon]Atrion's Repo for Kodi 18.x Backup[/COLOR]" version="0.1.7" provider-name="Atrion Darnay">
        <requires>
            <import addon="xbmc.addon" version="12.0.0"/>
        </requires>
        <extension point="xbmc.addon.repository" name="Atrions Repo">
            <info compressed="false">https://raw.githubusercontent.com/Atrion/Kodi_Repo_18/master/_repo/addons.xml</info>
            <checksum>https://raw.githubusercontent.com/Atrion/Kodi_Repo_18/master/_repo/addons.xml.md5</checksum>
            <datadir zip="true">https://raw.githubusercontent.com/Atrion/Kodi_Repo_18/master/_repo/</datadir>
            <hashes>false</hashes>
        </extension>
        <extension point="xbmc.addon.metadata">
            <summary>Atrion's Repo for Kodi 18.x</summary>
            <description>Atrion's Repo for Kodi 18.x</description>
            <platform>all</platform>
    </extension>
</addon>