<?xml version="1.0" encoding="UTF-8"?>
<includes>

    <variable name="LabelImageList">
        <value condition="!String.IsEmpty(ListItem.Property(job))">$INFO[ListItem.Property(job)]</value>
        <value condition="!String.IsEmpty(ListItem.Property(character))">$INFO[ListItem.Property(character)]</value>
        <value>$INFO[ListItem.Label2]</value>
    </variable>

    <variable name="LabelWidgetShortcutsName">
        <value condition="!String.IsEmpty(Container(211).ListItem.Property(widgetName))">$INFO[Container(211).ListItem.Property(widgetName)]</value>
        <value condition="!String.IsEmpty(Container(211).ListItem.Property(background))">$LOCALIZE[31110]</value>
        <value>$LOCALIZE[31269]</value>
    </variable>
    <variable name="LabelFallbackWidgetName">
        <value condition="String.IsEqual(Skin.String(home.slideshowpath),pvr/background.jpg)">$LOCALIZE[16018]</value>
        <value condition="!String.IsEmpty(Skin.String(home.slideshowpath))">$INFO[Skin.String(home.slideshowpath)]</value>
        <value>$LOCALIZE[31105]</value>
    </variable>

    <variable name="LabelWidgetType">
        <value condition="String.IsEmpty(Container(211).ListItem.Property(widgetaspect)) | String.IsEqual(Container(211).ListItem.Property(widgetaspect),Poster)">$LOCALIZE[31262]</value>
        <value condition="String.IsEqual(Container(211).ListItem.Property(widgetaspect),Square)">$LOCALIZE[31263]</value>
        <value condition="String.IsEqual(Container(211).ListItem.Property(widgetaspect),Fanart)">$LOCALIZE[31265]</value>
        <value condition="String.IsEqual(Container(211).ListItem.Property(widgetaspect),Thumbnail)">$LOCALIZE[31264]</value>
    </variable>

    <variable name="LabelTitle">
        <value condition="Container.Content(episodes) + !String.IsEmpty(ListItem.Title)">$INFO[ListItem.Title]</value>
        <value>$INFO[ListItem.Label]</value>
    </variable>

    <variable name="LabelYear">
        <value condition="Container.Content(tvshows) + String.IsEqual(Container.SortMethod,$LOCALIZE[20360])">$INFO[ListItem.Property(TotalEpisodes),, $LOCALIZE[20360]]</value>
        <value condition="[Container.Content(tvshows) | Container.Content(episodes)] + String.IsEqual(Container.SortMethod,$LOCALIZE[568])">$INFO[ListItem.LastPlayed]</value>
        <value condition="Container.Content(episodes)">$INFO[ListItem.Premiered]</value>
        <value condition="!String.IsEmpty(ListItem.Year)">$INFO[ListItem.Year]</value>
    </variable>
    <variable name="LabelEpisodeZero">
        <value condition="!Integer.IsGreater(ListItem.Episode,9) + !String.Contains(ListItem.Episode,S) + !String.IsEmpty(ListItem.Episode)">$NUMBER[0]</value>
        <value condition="String.IsEmpty(ListItem.Episode)">$NUMBER[0]$NUMBER[0]</value>
    </variable>
    <variable name="LabelDirector">
        <value condition="!String.IsEmpty(ListItem.Label) + Container.Content(songs)">$INFO[ListItem.Label]</value>
        <value condition="!String.IsEmpty(ListItem.Artist) + Container.Content(albums)">$INFO[ListItem.Artist]</value>
        <value condition="!String.IsEmpty(ListItem.Artist) + Container.Content(artists)">$INFO[ListItem.Artist]</value>
        <value condition="!String.IsEmpty(ListItem.TvShowTitle) + [Container.Content(episodes) | Container.Content(seasons) | Container.Content(tvshows)]">$INFO[ListItem.TvShowTitle]</value>
        <value condition="!String.IsEmpty(ListItem.Label) + Control.IsVisible(55)">$INFO[ListItem.Label]</value>
        <value condition="!String.IsEmpty(ListItem.Director)">$INFO[ListItem.Director]</value>
        <value condition="!String.IsEmpty(Window(home).Property(SkinHelper.ListItem.Director))">$INFO[Window(home).Property(SkinHelper.ListItem.Director)]</value>
        <value condition="!String.IsEmpty(Window(home).Property(Set.Movies.Director))">$INFO[Window(home).Property(Set.Movies.Director)]</value>
        <value>$LOCALIZE[19055]</value>
    </variable>
    <variable name="LabelGenre">
        <value condition="Container.Content(albums)">$INFO[ListItem.Album]</value>
        <value condition="Container.Content(tvshows) | Container.Content(seasons)">$INFO[ListItem.Property(TotalEpisodes),, $LOCALIZE[20360]]$INFO[ListItem.Property(UnWatchedEpisodes),  •  , $LOCALIZE[16101]]$INFO[ListItem.Studio,  •  ]</value>
        <value condition="Container.Content(episodes)">$INFO[ListItem.Season,$LOCALIZE[20373] ,]$INFO[ListItem.Episode,  •  $LOCALIZE[20359] ,]$INFO[ListItem.Premiered,  •  ,]$INFO[ListItem.Duration,  •  , $LOCALIZE[31102]]</value>
        <value condition="!String.IsEmpty(ListItem.Genre)">$INFO[ListItem.Genre]</value>
        <value condition="!String.IsEmpty(Window(home).Property(SkinHelper.ListItem.Genre))">$INFO[Window(home).Property(SkinHelper.ListItem.Genre)]</value>
        <value condition="!String.IsEmpty(Window(home).Property(Set.Movies.Genre))">$INFO[Window(home).Property(Set.Movies.Genre)]</value>
        <value condition="!String.IsEmpty(ListItem.Property(Artist_Genre))">$INFO[ListItem.Property(Artist_Genre)]</value>
        <value>$LOCALIZE[19055]</value>
    </variable>
    <variable name="LabelDuration">
        <value condition="String.IsEqual(Container.SortMethod,$LOCALIZE[20368])">$INFO[ListItem.Date]</value>
        <value condition="String.IsEqual(Container.SortMethod,$LOCALIZE[552])">$INFO[ListItem.Date]</value>
        <value condition="String.IsEqual(Container.SortMethod,$LOCALIZE[20074])">$INFO[ListItem.MPAA]</value>
        <value condition="String.IsEqual(Container.SortMethod,$LOCALIZE[570])">$INFO[ListItem.DateAdded]</value>
        <value condition="String.IsEqual(Container.SortMethod,$LOCALIZE[567])">$INFO[ListItem.PlayCount]</value>
        <value condition="!String.IsEmpty(ListItem.Duration)">$INFO[ListItem.Duration,, $LOCALIZE[31102]]</value>
        <value condition="[Container.Content(tvshows) + !Control.IsVisible(54) + !Control.IsVisible(555)] | Container.Content(episodes)">$VAR[LabelYear]</value>
    </variable>
    <variable name="LabelPlotBox">
        <value condition="!Control.IsVisible(58) + !String.IsEmpty(Window(home).Property(SkinHelper.ListItem.ExtendedPlot)) + [Container.Content(Sets) | String.Contains(ListItem.Path,videodb://movies/sets,left)]">$INFO[Window(home).Property(SkinHelper.ListItem.ExtendedPlot)]</value>
        <value condition="!Control.IsVisible(58) + !String.IsEmpty(Window(home).Property(Set.Movies.ExtendedPlot)) + [Container.Content(Sets) | String.Contains(ListItem.Path,videodb://movies/sets,left)]">$INFO[Window(home).Property(Set.Movies.ExtendedPlot)]</value>
        <value condition="!String.IsEmpty(ListItem.Property(Artist_Description))">$INFO[ListItem.Property(Artist_Description)]</value>
        <value condition="!String.IsEmpty(ListItem.Property(Album_Description))">$INFO[ListItem.Property(Album_Description)]</value>
        <value condition="!String.IsEmpty(ListItem.AddonDescription)">$INFO[ListItem.AddonDescription]</value>
        <value condition="Container.Content(songs)">$INFO[ListItem.Artist,[B],[/B][CR]]$INFO[ListItem.Album]$INFO[ListItem.Year,  (,)]</value>
        <value condition="Container.Content(episodes)">$INFO[ListItem.Title,[B],[/B][CR],]$INFO[ListItem.Plot]</value>
        <value condition="!Control.IsVisible(50) + !Control.IsVisible(54) + !Control.IsVisible(58) + !String.IsEmpty(Window(Home).Property(SkinHelper.ListItem.Plot))">$INFO[Window(Home).Property(SkinHelper.ListItem.Plot)]</value>
        <value>$INFO[ListItem.Plot]</value>
    </variable>
    <variable name="LabelOverlayPlot">
        <value condition="!String.IsEmpty(Window(home).Property(SkinHelper.ListItem.ExtendedPlot)) + [Container.Content(Sets) | String.Contains(ListItem.Path,videodb://movies/sets,left)]">$INFO[Window(home).Property(SkinHelper.ListItem.ExtendedPlot)]</value>
        <value condition="!String.IsEmpty(Window(home).Property(Set.Movies.ExtendedPlot)) + [Container.Content(Sets) | String.Contains(ListItem.Path,videodb://movies/sets,left)]">$INFO[Window(home).Property(Set.Movies.ExtendedPlot)]</value>
        <value condition="!String.IsEmpty(ListItem.Property(Artist_Description))">$INFO[ListItem.Property(Artist_Description)]</value>
        <value condition="!String.IsEmpty(ListItem.Property(Album_Description))">$INFO[ListItem.Property(Album_Description)]</value>
        <value condition="!String.IsEmpty(ListItem.AddonDescription)">$INFO[ListItem.AddonDescription]</value>
        <value condition="Container.Content(songs)">$INFO[ListItem.Artist,[B],[/B][CR]]$INFO[ListItem.Album]$INFO[ListItem.Year,  (,)]</value>
        <value condition="Container.Content(episodes)">$INFO[ListItem.Title,[B],[/B][CR][CR],]$INFO[ListItem.Plot]</value>
        <value>$INFO[ListItem.Tagline,[B],[/B][CR][CR]]$INFO[ListItem.Plot]</value>
    </variable>
    <variable name="LabelOverlayTitle">
        <value condition="[Container.Content(episodes) | Container.Content(seasons)] + !String.IsEmpty(ListItem.TvShowTitle)">$INFO[ListItem.TvShowTitle]</value>
        <value>$INFO[ListItem.Label]</value>
    </variable>
    <variable name="LabelAudioChannels">
        <value condition="String.IsEqual(ListItem.AudioChannels,8)">7.1</value>
        <value condition="String.IsEqual(ListItem.AudioChannels,6)">5.1</value>
        <value condition="String.IsEqual(ListItem.AudioChannels,5)">4.1</value>
        <value condition="String.IsEqual(ListItem.AudioChannels,4)">4.0</value>
        <value condition="String.IsEqual(ListItem.AudioChannels,3)">2.1</value>
        <value condition="String.IsEqual(ListItem.AudioChannels,2)">2.0</value>
        <value condition="String.IsEqual(ListItem.AudioChannels,1)">1.0</value>
        <value>???</value>
    </variable>
    <variable name="LabelHubAudioChannels">
        <value condition="String.IsEqual(Container(9500).ListItem.AudioChannels,8)">7.1</value>
        <value condition="String.IsEqual(Container(9500).ListItem.AudioChannels,6)">5.1</value>
        <value condition="String.IsEqual(Container(9500).ListItem.AudioChannels,5)">4.1</value>
        <value condition="String.IsEqual(Container(9500).ListItem.AudioChannels,4)">4.0</value>
        <value condition="String.IsEqual(Container(9500).ListItem.AudioChannels,3)">2.1</value>
        <value condition="String.IsEqual(Container(9500).ListItem.AudioChannels,2)">2.0</value>
        <value condition="String.IsEqual(Container(9500).ListItem.AudioChannels,1)">1.0</value>
        <value>???</value>
    </variable>
    <variable name="LabelHomeAudioChannels">
        <value condition="String.IsEqual(Container(301).ListItem.AudioChannels,8)">7.1</value>
        <value condition="String.IsEqual(Container(301).ListItem.AudioChannels,6)">5.1</value>
        <value condition="String.IsEqual(Container(301).ListItem.AudioChannels,5)">4.1</value>
        <value condition="String.IsEqual(Container(301).ListItem.AudioChannels,4)">4.0</value>
        <value condition="String.IsEqual(Container(301).ListItem.AudioChannels,3)">2.1</value>
        <value condition="String.IsEqual(Container(301).ListItem.AudioChannels,2)">2.0</value>
        <value condition="String.IsEqual(Container(301).ListItem.AudioChannels,1)">1.0</value>
        <value>???</value>
    </variable>
    <variable name="LabelOSDAudioChannels">
        <value condition="String.IsEqual(VideoPlayer.AudioChannels,8)">7.1</value>
        <value condition="String.IsEqual(VideoPlayer.AudioChannels,6)">5.1</value>
        <value condition="String.IsEqual(VideoPlayer.AudioChannels,5)">4.1</value>
        <value condition="String.IsEqual(VideoPlayer.AudioChannels,4)">4.0</value>
        <value condition="String.IsEqual(VideoPlayer.AudioChannels,3)">2.1</value>
        <value condition="String.IsEqual(VideoPlayer.AudioChannels,2)">2.0</value>
        <value condition="String.IsEqual(VideoPlayer.AudioChannels,1)">1.0</value>
        <value>???</value>
    </variable>
    <variable name="Label_SettingsHeader">
        <value condition="Window.IsActive(systeminfo)">$LOCALIZE[130]</value>
        <value condition="Window.IsActive(systemsettings)">$LOCALIZE[13000]</value>
        <value condition="Window.IsActive(pvrsettings)">$LOCALIZE[19020]</value>
        <value condition="Window.IsActive(skinsettings)">$LOCALIZE[166]</value>
        <value condition="Window.IsActive(addonbrowser)">$LOCALIZE[24001]</value>
        <value condition="Window.IsActive(profiles)">$LOCALIZE[13200]</value>
        <value condition="Window.IsActive(servicesettings)">$LOCALIZE[14036]</value>
        <value condition="Window.IsActive(interfacesettings)">$LOCALIZE[14206]</value>
        <value condition="Window.IsActive(librarysettings)">$LOCALIZE[14202]</value>
        <value condition="Window.IsActive(playersettings)">$LOCALIZE[14200]</value>
        <value>$LOCALIZE[480]</value>
    </variable>

    <variable name="WidgetLabel">
        <value condition="!String.IsEmpty(Container(300).ListItem.Property(widgetName))">$INFO[Container(300).ListItem.Property(widgetName)]</value>
        <value condition="!String.IsEmpty(Skin.String(home.fallbackwidget.name))">$INFO[Skin.String(home.fallbackwidget.name)]</value>
        <value>$LOCALIZE[31105]</value>
    </variable>
    <variable name="WidgetTitle">
        <value condition="String.Contains(Container(300).ListItem.Property(widget),Weather,left)">$INFO[Weather.Temperature]</value>
        <value condition="String.IsEqual(Container(300).ListItem.Property(widget),NextAired) | String.IsEqual(Container(300).ListItem.Property(widget),Favourites)">$INFO[Container(301).ListItem.Label]</value>
        <value condition="!String.IsEqual(Container(301).ListItem.Title,Container(301).ListItem.TvShowTitle)">$INFO[Container(301).ListItem.Season,,x]$INFO[Container(301).ListItem.Episode,,. ]$INFO[Container(301).ListItem.Title]</value>
        <value condition="String.IsEqual(Container(301).ListItem.Title,Container(301).ListItem.TvShowTitle) +!String.IsEmpty(Container(301).ListItem.Title)">$INFO[Container(301).ListItem.Title]</value>
        <value>$INFO[Container(301).ListItem.Label]</value>
    </variable>
    <variable name="WidgetPlot">
        <value condition="String.IsEqual(Container(300).ListItem.Property(widget),NextAired)">$INFO[Container(301).ListItem.Label2,,[CR]]$INFO[Container(301).ListItem.Property(Plot)]</value>
        <value condition="[String.Contains(Container(300).ListItem.Property(widgetType),music) | String.Contains(Container(300).ListItem.Property(widgetType),albums) | String.Contains(Container(300).ListItem.Property(widgetType),artists) | String.Contains(Container(300).ListItem.Property(widgetType),songs)] + !String.IsEmpty(Container(301).ListItem.Property(Album_Description))">$INFO[Container(301).ListItem.Property(Album_Description)]</value>
        <value condition="[String.Contains(Container(300).ListItem.Property(widgetType),music) | String.Contains(Container(300).ListItem.Property(widgetType),albums) | String.Contains(Container(300).ListItem.Property(widgetType),artists) | String.Contains(Container(300).ListItem.Property(widgetType),songs)] + !String.IsEmpty(Container(301).ListItem.Property(Artist_Description))">$INFO[Container(301).ListItem.Property(Artist_Description)]</value>
        <value condition="String.Contains(Container(300).ListItem.Property(widget),Weather,left)">$INFO[Weather.Conditions]</value>
        <value condition="!String.IsEmpty(Container(301).ListItem.Plot)">$INFO[Container(301).ListItem.Plot]</value>
        <value condition="!String.IsEmpty(Container(301).ListItem.AddonDescription)">$INFO[Container(301).ListItem.AddonDescription]</value>
        <value>$LOCALIZE[19055]</value>
    </variable>
    <variable name="WidgetSubLabel">
        <value condition="String.IsEqual(Container(300).ListItem.Property(widget),NextAired)"></value>
        <value condition="[String.Contains(Container(300).ListItem.Property(widgetType),music) | String.Contains(Container(300).ListItem.Property(widgetType),albums) | String.Contains(Container(300).ListItem.Property(widgetType),artists) | String.Contains(Container(300).ListItem.Property(widgetType),songs)]">$INFO[Container(301).ListItem.Artist]$INFO[Container(301).ListItem.Year,  •  ,]</value>
        <value condition="!String.IsEqual(Container(301).ListItem.Title,Container(301).ListItem.TvShowTitle) + !String.IsEmpty(Container(301).ListItem.TvShowTitle)">$INFO[Container(301).ListItem.TvShowTitle,,  •  ]$INFO[Container(301).ListItem.Premiered,,  •  ]$INFO[Container(301).ListItem.Duration,, $LOCALIZE[31102]  •  ]$INFO[Container(301).ListItem.Rating]</value>
        <value condition="!String.IsEqual(Container(301).ListItem.Title,Container(301).ListItem.TvShowTitle) + String.IsEmpty(Container(301).ListItem.TvShowTitle)">$INFO[Container(301).ListItem.Year,,  •  ]$INFO[Container(301).ListItem.Duration,, $LOCALIZE[31102]  •  ]$INFO[Container(301).ListItem.Rating]</value>
        <value condition="String.IsEqual(Container(301).ListItem.Title,Container(301).ListItem.TvShowTitle)">$INFO[Container(301).ListItem.Episode,, $LOCALIZE[20360]  •  ]$INFO[Container(301).ListItem.Property(UnWatchedEpisodes),, $LOCALIZE[16101]  •  ]$INFO[Container(301).ListItem.Duration,, $LOCALIZE[31102]  •  ]$INFO[Container(301).ListItem.Rating]</value>
    </variable>
    <variable name="PVRInfoStatus">
        <value condition="ListItem.IsRecording">$LOCALIZE[19158]</value>
        <value condition="ListItem.HasTimer">$LOCALIZE[19058]</value>
        <value>$LOCALIZE[31113]</value>
    </variable>
    <variable name="PlayerStatus">
        <value condition="Player.Caching">$LOCALIZE[439] $INFO[Player.CacheLevel,,%]</value>
        <value condition="Player.Forwarding32x">FF 32x</value>
        <value condition="Player.Forwarding16x">FF 16x</value>
        <value condition="Player.Forwarding8x">FF 8x</value>
        <value condition="Player.Forwarding4x">FF 4x</value>
        <value condition="Player.Forwarding2x">FF 2x</value>
        <value condition="Player.Forwarding">FF</value>
        <value condition="Player.Rewinding32x">RW 32x</value>
        <value condition="Player.Rewinding16x">RW 16x</value>
        <value condition="Player.Rewinding8x">RW 8x</value>
        <value condition="Player.Rewinding4x">RW 4x</value>
        <value condition="Player.Rewinding2x">RW 2x</value>
        <value condition="Player.Rewinding">RW</value>
        <value condition="[Player.Seeking | Player.DisplayAfterSeek] + !String.IsEmpty(Player.SeekOffset)">$LOCALIZE[773]$INFO[Player.SeekOffset, ,]</value>
        <value condition="Player.Seeking + String.IsEmpty(Player.SeekOffset)">$LOCALIZE[773]$INFO[Player.SeekStepSize, ,]</value>
        <value condition="Player.Paused">$LOCALIZE[112]</value>
        <!-- <value condition="!Player.HasVideo + !String.IsEmpty(MusicPlayer.offset(1).Title)">[B]$LOCALIZE[209]...  [/B]$INFO[MusicPlayer.offset(1).Title]</value> -->
        <value condition="!Player.HasVideo">$INFO[MusicPlayer.Title,[B],[/B]]$INFO[MusicPlayer.Artist,  -  ,]</value>
        <value condition="Player.Playing">$LOCALIZE[31236]</value>
        <value>$INFO[Player.FinishTime,$LOCALIZE[31106] ,]</value>
    </variable>
    <variable name="LabelNextRecordingHeader">
        <value condition="Pvr.IsRecording">$LOCALIZE[19158]...</value>
        <value condition="Pvr.HasTimer">$LOCALIZE[19157]...</value>
    </variable>
    <variable name="LabelNextRecording">
        <value condition="Pvr.IsRecording">[COLOR=$VAR[ColorHighlight]]$INFO[Pvr.NowRecordingTitle,,][/COLOR]$INFO[Pvr.NowRecordingChannel,  ,]</value>
        <value condition="Pvr.HasTimer">[COLOR=$VAR[ColorHighlight]]$INFO[Pvr.NextRecordingTitle,,][/COLOR]$INFO[Pvr.NextRecordingDateTime,  ,]$INFO[Pvr.NextRecordingChannel,  ,]</value>
    </variable>
    <variable name="HDSD">
        <value condition="Container.Content(tvshows) | Container.Content(seasons)">$INFO[ListItem.Property(UnWatchedEpisodes)]</value>
        <value condition="String.IsEqual(Container(9500).ListItem.VideoResolution,4k) | String.IsEqual(ListItem.VideoResolution,4k) | [[String.Contains(ListItem.FileNameAndPath,.disc) | String.Contains(ListItem.FileNameAndPath,.stub)] + String.Contains(ListItem.FilenameAndPath,uhd)]">4K</value>
        <value condition="Integer.IsGreater(Container(9500).ListItem.VideoResolution,719) | Integer.IsGreater(ListItem.VideoResolution,719) | [[String.Contains(ListItem.FileNameAndPath,.disc) | String.Contains(ListItem.FileNameAndPath,.stub)] + String.Contains(ListItem.FilenameAndPath,bluray)]">HD</value>
        <value>SD</value>
    </variable>
    <variable name="PlayerTitle">
        <value condition="!Player.HasVideo">$INFO[MusicPlayer.TrackNumber,,. ]$INFO[MusicPlayer.Title]</value>
        <value condition="VideoPlayer.Content(livetv)">$INFO[VideoPlayer.ChannelNumberLabel,,. ]$INFO[VideoPlayer.ChannelName]</value>
        <value condition="VideoPlayer.Content(movies) + !String.IsEmpty(VideoPlayer.Tagline)">$INFO[VideoPlayer.Tagline]</value>
        <value condition="VideoPlayer.Content(episodes)">$INFO[VideoPlayer.Season,,x]$INFO[VideoPlayer.Episode,,. ]$INFO[Player.Title]$INFO[VideoPlayer.Premiered,  (,)]</value>
        <value condition="String.Contains(Player.Filenameandpath,http)">$LOCALIZE[31107]</value>
        <value>$LOCALIZE[291]</value>
    </variable>
    <variable name="PlayerBigTitle">
        <value condition="!Player.HasVideo">$INFO[MusicPlayer.Artist]</value>
        <value condition="VideoPlayer.Content(movies)">$INFO[VideoPlayer.Title]</value>
        <value condition="VideoPlayer.Content(episodes)">$INFO[VideoPlayer.TvShowTitle]</value>
        <value>$INFO[VideoPlayer.Title]</value>
    </variable>
    <variable name="PlayerPlotBox">
        <value condition="!Player.HasVideo">$INFO[MusicPlayer.Album,, ]$INFO[MusicPlayer.Year,(,)]</value>
        <value>$INFO[VideoPlayer.Plot]</value>
    </variable>
    <variable name="LabelNextAiredDetails">
        <value condition="!String.IsEmpty(Window(Home).Property(NextAired.NextDate))">[COLOR=Dark1][B]$INFO[Window(Home).Property(NextAired.NextTitle),,  ][/B][/COLOR]$INFO[Window(Home).Property(NextAired.AirTime),, • ]$INFO[Window(Home).Property(NextAired.NextDate)]</value>
        <value condition="String.IsEmpty(Window(Home).Property(NextAired.NextDate)) + !String.IsEmpty(Window(Home).Property(NextAired.LatestTitle))">[COLOR=Dark1][B]$INFO[Window(Home).Property(NextAired.LatestTitle),,  ][/B][/COLOR]$INFO[Window(Home).Property(NextAired.Status),, • ]$INFO[Window(Home).Property(NextAired.LatestDate)]</value>
    </variable>

    <variable name="LabelVideoInfoCastDirector">
        <value condition="String.IsEqual(Window.Property(content),1)">$INFO[ListItem.Studio,$LOCALIZE[31205] ,]</value>
        <value condition="String.IsEqual(Window.Property(content),2)">$INFO[ListItem.Title,$LOCALIZE[31204] ,]</value>
        <value condition="String.IsEqual(Window.Property(content),3) + !Control.IsVisible(50)">$INFO[ListItem.Director,$LOCALIZE[31191] ,]</value>
        <value condition="Control.IsVisible(50)">$INFO[ListItem.Title,, $LOCALIZE[206]]</value>
        <value condition="!String.IsEmpty(ListItem.Tagline)">$INFO[ListItem.Tagline]</value>
    </variable>

    <variable name="LabelHomeWidgetStyle">
        <value condition="!Skin.HasSetting(home.classicwidgets) + !Skin.HasSetting(home.vertical)">$LOCALIZE[31248]</value>
        <value condition="!Skin.HasSetting(home.classicwidgets) + Skin.HasSetting(home.vertical)">$LOCALIZE[31250]</value>
        <value condition="Skin.HasSetting(home.classicwidgets)">$LOCALIZE[31249]</value>
    </variable>
    <variable name="OSDChapterLabel" description="Chapter label in  DialogSeekBar">
      <value condition="Player.ChapterCount + !String.IsEmpty(Player.ChapterName)">$INFO[Player.ChapterName]  -  $INFO[Player.Chapter]$INFO[Player.ChapterCount, / ]</value>
      <value condition="Player.ChapterCount">$LOCALIZE[21396]  -  $INFO[Player.Chapter]$INFO[Player.ChapterCount, / ]</value>
    </variable>

    <variable name="VideoHWDecoder">
        <value condition="Player.Process(videohwdecoder)">HW</value>
        <value>SW</value>
    </variable>
</includes>
