<?xml version="1.0" encoding="UTF-8"?>
<addon
  id="peripheral.joystick"
  version="1.4.6"
  name="Joystick Support"
  provider-name="Team-Kodi">
  <requires>
<import addon="kodi.binary.global.main" version="1.0.13"/>
<import addon="kodi.binary.global.general" version="1.0.3"/>
<import addon="kodi.binary.global.filesystem" version="1.0.2"/>
<import addon="kodi.binary.instance.peripheral" version="1.3.7"/></requires>
  <extension
    point="kodi.peripheral"
    provides_joysticks="true"
    provides_buttonmaps="true"
    library_windows="peripheral.joystick.dll"/>
  <extension point="xbmc.addon.metadata">
    <summary lang="en_GB">Kodi Joystick Library</summary>
    <description lang="en_GB">This library provides joystick drivers and button maps. Multiple joystick APIs are supported, including DirectX, XInput, SDL and the Linux Joystick API.</description>
    <platform>windows-x86_64</platform>
  </extension>
</addon>
