<?xml version="1.0" encoding="UTF-8"?>
<!-- Foundation -->
<window type="dialog" id="1197">
    <zorder>1</zorder>
	<defaultcontrol always="true">9000</defaultcontrol>
    <controls>
		<include>GlobalOverlay</include>
		<include>Animation.Common</include>		
		<control type="group">
			<centerleft>50%</centerleft>
			<centertop>50%</centertop>
			<width>468</width>
    		<top>253</top>
			<control type="image">
				<left>-9</left>
				<top>-20</top>		
				<right>9</right>
				<bottom>34</bottom>
				<colordiffuse>White100</colordiffuse>
				<texture border="16">common/rounded-shadow8.png</texture>
			</control>			
			 <control type="grouplist" id="9000">
				<control type="radiobutton" id="93">
                    <textcolor>$VAR[OSDPanelWhite70]</textcolor>
                    <description>Filter</description>
                    <include>DefContextButton</include>
                    <label>31214</label>
                    <align>left</align>
                    <selected>Skin.HasSetting(osd.showplot)</selected>
                    <onclick>Skin.ToggleSetting(osd.showplot)</onclick>
					<onright>Dialog.Close(1197)</onright>
					<onleft>Dialog.Close(1197)</onleft>
                </control>
				<control type="radiobutton" id="94">
                    <textcolor>$VAR[OSDPanelWhite70]</textcolor>
                    <description>Filter</description>
                    <include>DefContextButton</include>
                    <label>31154</label>
                    <align>left</align>
                    <selected>Skin.HasSetting(furniture.flagiconsosd)</selected>
                    <onclick>Skin.ToggleSetting(furniture.flagiconsosd)</onclick>
					<onright>Dialog.Close(1197)</onright>
					<onleft>Dialog.Close(1197)</onleft>
                </control>
				<control type="radiobutton" id="95">
                    <textcolor>$VAR[OSDPanelWhite70]</textcolor>
                    <description>Filter</description>
                    <include>DefContextButton</include>
                    <label>31246</label>
                    <align>left</align>
                    <selected>Skin.HasSetting(furniture.flagiconsosdnoicons)</selected>
                    <onclick>Skin.ToggleSetting(furniture.flagiconsosdnoicons)</onclick>
					<onright>Dialog.Close(1197)</onright>
					<onleft>Dialog.Close(1197)</onleft>
					<enable>Skin.HasSetting(furniture.flagiconsosd)</enable>
                </control>
				<control type="radiobutton" id="96">
                    <textcolor>$VAR[OSDPanelWhite70]</textcolor>
                    <description>Handlung</description>
                    <include>DefContextButton</include>
                    <label>31218</label>
                    <align>left</align>
                    <selected>Skin.HasSetting(videoosd.numericrating)</selected>
                    <onclick>Skin.ToggleSetting(videoosd.numericrating)</onclick>
					<onright>Dialog.Close(1197)</onright>
					<onleft>Dialog.Close(1197)</onleft>
					<enable>!VideoPlayer.Content(livetv)</enable>
                </control>
				<control type="radiobutton" id="97">
					<textwidth>350</textwidth>
                    <textcolor>$VAR[OSDPanelWhite70]</textcolor>
                    <description>Handlung</description>
                    <include>DefContextButton</include>
                    <label>37521</label>
                    <align>left</align>
                    <selected>Skin.HasSetting(osd.coloredicons)</selected>
                    <onclick>Skin.ToggleSetting(osd.coloredicons)</onclick>
					<onright>Dialog.Close(1197)</onright>
					<onleft>Dialog.Close(1197)</onleft>
					<enable>Skin.HasSetting(furniture.flagiconsosd)</enable>
                </control>
				<control type="radiobutton" id="98">
                    <textcolor>$VAR[OSDPanelWhite70]</textcolor>
                    <description>Filter</description>
                    <include>DefContextButton</include>
                    <label>31153</label>
                    <align>left</align>
                    <selected>Skin.HasSetting(ClockOSD)</selected>
                    <onclick>Skin.ToggleSetting(ClockOSD)</onclick>
					<onright>Dialog.Close(1197)</onright>
					<onleft>Dialog.Close(1197)</onleft>
                </control>
				<control type="radiobutton" id="99">
                    <textcolor>$VAR[OSDPanelWhite70]</textcolor>
                    <include>DefContextButton</include>
                    <label>37549</label>
                    <align>left</align>
                    <selected>Skin.HasSetting(pvr.showtechnicalinfo)</selected>
                    <onclick>Skin.ToggleSetting(pvr.showtechnicalinfo)</onclick>
					<onright>Dialog.Close(1197)</onright>
					<onleft>Dialog.Close(1197)</onleft>
					<enable>VideoPlayer.Content(livetv)</enable>
                </control>
            </control>
		</control>
    </controls>
</window>
