<?xml version="1.0" ?>
<buttonmap>
    <device name="OUYA Game Controller" provider="android" vid="2836" pid="0001" buttoncount="18" axiscount="6">
        <configuration />
        <controller id="game.controller.default">
            <feature name="a" button="0" />
            <feature name="b" button="1" />
            <feature name="leftbumper" button="12" />
            <feature name="leftstick">
                <up axis="-1" />
                <down axis="+1" />
                <right axis="+0" />
                <left axis="-0" />
            </feature>
            <feature name="leftthumb" button="16" />
            <feature name="lefttrigger" button="14" />
            <feature name="rightbumper" button="13" />
            <feature name="rightstick">
                <up axis="-4" />
                <down axis="+4" />
                <right axis="+3" />
                <left axis="-3" />
            </feature>
            <feature name="rightthumb" button="17" />
            <feature name="righttrigger" button="15" />
            <feature name="start" button="11" />
            <feature name="x" button="3" />
            <feature name="y" button="4" />
        </controller>
    </device>
</buttonmap>
