<?xml version="1.0" encoding="UTF-8"?>
<!-- Foundation -->
<window id="6">
    <defaultcontrol always="true">50</defaultcontrol>
    <menucontrol>300</menucontrol>
    <views>50,500,501,502,504,503,51,510,511,512,513,514,515,52,520,521,522,524,53,523</views>
    <onload condition="System.HasAddon(script.tv.show.next.aired)">RunScript(script.tv.show.next.aired,backend=True)</onload>
    <controls>
        <include>Global_Background</include>
        <include>Topbar</include>
        
        <control type="group">
            <visible allowhiddenfocus="true">!$EXP[Exp_ShowPlotOverlay]</visible>
            <include>Animation_FadeInOut</include>
            <include>View_50_List</include>
            <include>View_500_List_Square</include>
            <include>View_501_List_MediaInfo</include>
            <include>View_502_List_MediaInfo_Extended</include>
            <include>View_503_List_Banners</include>
            <include>View_504_List_TriPanel</include>
            <include>View_51_Wall</include>
            <include>View_510_Wall_Square</include>
            <include>View_511_Wall_Landscape</include>
            <include>View_512_Wall_Icons</include>
            <include>View_513_Wall_Circle</include>
            <include>View_514_Wall_Info</include>
            <include>View_515_Wall_Landscape_Small</include>
            <include>View_52_Showcase</include>
            <include>View_520_Showcase_Square</include>
            <include>View_521_Showcase_Landscape</include>
            <include>View_522_Showcase_Seasons</include>
            <include>View_523_Showcase_Lovefilm</include>
            <include>View_524_Showcase_Seasons</include>
            <include>View_53_Poster</include>

            <include content="Object_Scrollbar_Vert">
                <param name="visible" value="Control.IsVisible(50) | Control.IsVisible(500) | Control.IsVisible(501) | Control.IsVisible(502) | Control.IsVisible(503) | Control.IsVisible(51) | Control.IsVisible(510) | Control.IsVisible(511) | Control.IsVisible(512) | Control.IsVisible(513) | Control.IsVisible(514) | Control.IsVisible(515)" />
            </include>

            <include content="Object_Scrollbar_Horz">
                <param name="visible" value="Control.IsVisible(52) | Control.IsVisible(520) | Control.IsVisible(521) | Control.IsVisible(522) | Control.IsVisible(523) | Control.IsVisible(53)" />
            </include>
        </control>

        <!-- <control type="group">
            <visible>Control.HasFocus(300)</visible>
            <include>Global_Overlay</include>
        </control>
        <include content="Dialog_PowerMenu">
            <param name="id" value="300" />
            <param name="header" value="View Options" />
            <param name="items" value="Items_View" />
            <param name="visible" value="Control.HasFocus(300)" />
        </include> -->

        <control type="list" id="300">
            <ondown>50</ondown>
            <include>Topbar_Menu_Layout</include>
            <include>Items_View</include>
        </control>


        <include>Object_PlotOverlay</include>
       
        <!-- Hidden Buttons -->
        <include>Defs_Options_StandardButtons</include>
        <control type="button" id="8">
            <label>137</label>
            <include>Defs_Hidden_Button</include>
        </control>
        <control type="togglebutton" id="14">
            <label>$LOCALIZE[20367]: $LOCALIZE[16039]</label>
            <altlabel>$LOCALIZE[20367]: $LOCALIZE[16041]</altlabel>
            <usealttexture>System.Setting(hidewatched)</usealttexture>
            <description>Watched Unwatched</description>
            <include>Defs_Hidden_Button</include>
        </control>
        <control type="radiobutton" id="19">
            <description>Filter</description>
            <include>Defs_Hidden_Button</include>
        </control>
        <control type="button" id="20">
            <description>Library</description>
            <label>653</label>
            <include>Defs_Hidden_Button</include>
        </control>
        <control type="button" id="6005">
            <description>Extra fanart</description>
            <label>$VAR[Label_ExtraFanart]</label>
            <onclick>Skin.ToggleSetting(SkinHelper.EnableExtraFanart)</onclick>
            <include>Defs_Hidden_Button</include>
        </control>

    </controls>
</window>
