<window id="129">
	<defaultcontrol>10</defaultcontrol>
	<include>16x9_xPos_Relocation</include>
	<include>Window_OpenClose_Animation_Zoom</include>
	<onload>Control.SetFocus(10)</onload>
	<coordinates>
		<system>1</system>
		<posx>-50</posx>
		<posy>0</posy>
	</coordinates>
	<controls>
		<include>BehindDialogFadeOut</include>
		<control type="image">
			<posx>0</posx>
			<posy>0</posy>
			<width>1000</width>
			<height>60</height>
			<texture border="5">DialogHeader.png</texture>
		</control>
		<control type="label" id="2">
			<description>header label</description>
			<posx>20</posx>
			<posy>0</posy>
			<include>WindowTitleCommons</include>
			<width>910</width>
			<label>$LOCALIZE[13406]</label>
		</control>
		<control type="group">
			<posx>930</posx>
			<posy>0</posy>
			<include>DialogCloseButtonCommons</include>
		</control>
		<control type="image">
			<posx>0</posx>
			<posy>60</posy>
			<width>1000</width>
			<height>600</height>
			<texture border="5">DialogBack.png</texture>
		</control>
		<control type="label">
			<description>path label</description>
			<posx>20</posx>
			<posy>80</posy>
			<width>960</width>
			<height>30</height>
			<align>center</align>
			<aligny>center</aligny>
			<font>font22_title</font>
			<label>$LOCALIZE[1021]</label>
			<textcolor>black</textcolor>
		</control>
		<control type="list" id="10">
			<posx>20</posx>
			<posy>140</posy>
			<width>740</width>
			<height>650</height>
			<onup>9001</onup>
			<onleft></onleft>
			<onright>9000</onright>
			<ondown>12</ondown>
			<pagecontrol>60</pagecontrol>
			<scrolltime>200</scrolltime>
			<itemlayout height="70">
				<control type="image">
					<posx>0</posx>
					<posy>0</posy>
					<width>740</width>
					<height>71</height>
					<texture border="5">MenuItemNF.png</texture>
				</control>
				<control type="label">
					<posx>10</posx>
					<posy>0</posy>
					<width>720</width>
					<height>70</height>
					<font>font25</font>
					<align>left</align>
					<aligny>center</aligny>
					<textcolor>black</textcolor>
					<focusedcolor>$VAR[CustomColorFocus]</focusedcolor>
					<label>$INFO[ListItem.Label]</label>
				</control>
			</itemlayout>
			<focusedlayout height="70">
				<control type="image">
					<posx>0</posx>
					<posy>0</posy>
					<width>740</width>
					<height>71</height>
					<texture border="5">MenuItem2NF.png</texture>
				</control>
				<control type="label">
					<posx>10</posx>
					<posy>0</posy>
					<width>720</width>
					<height>70</height>
					<font>font25</font>
					<align>left</align>
					<aligny>center</aligny>
					<textcolor>black</textcolor>
					<focusedcolor>$VAR[CustomColorFocus]</focusedcolor>
					<label>$INFO[ListItem.Label]</label>
				</control>
			</focusedlayout>
		</control>
		<control type="group" id="9000">
			<posx>780</posx>
			<posy>140</posy>
			<control type="button" id="11">
				<description>Browse Button</description>
				<posx>0</posx>
				<posy>0</posy>
				<width>200</width>
				<height>50</height>
				<label>1024</label>
				<align>center</align>
				<aligny>center</aligny>
				<font>font22_title</font>
				<textcolor>white</textcolor>
				<focusedcolor>$VAR[CustomColorFocus]</focusedcolor>
				<texturefocus border="5">button_outline_black_f.png</texturefocus>
				<texturenofocus border="5">button_outline_black.png</texturenofocus>
				<pulseonselect>false</pulseonselect>
				<onup>10</onup>
				<onleft>10</onleft>
				<onright>60</onright>
				<ondown>13</ondown>
			</control>
			<control type="button" id="13">
				<description>Add Path Button</description>
				<posx>0</posx>
				<posy>55</posy>
				<width>200</width>
				<height>50</height>
				<label>15019</label>
				<align>center</align>
				<aligny>center</aligny>
				<font>font22_title</font>
				<textcolor>white</textcolor>
				<focusedcolor>$VAR[CustomColorFocus]</focusedcolor>
				<texturefocus border="5">button_outline_black_f.png</texturefocus>
				<texturenofocus border="5">button_outline_black.png</texturenofocus>
				<pulseonselect>false</pulseonselect>
				<onup>11</onup>
				<onleft>10</onleft>
				<onright>60</onright>
				<ondown>14</ondown>
			</control>
			<control type="button" id="14">
				<description>Remove Path Button</description>
				<posx>0</posx>
				<posy>110</posy>
				<width>200</width>
				<height>50</height>
				<label>1210</label>
				<align>center</align>
				<aligny>center</aligny>
				<font>font22_title</font>
				<textcolor>white</textcolor>
				<focusedcolor>$VAR[CustomColorFocus]</focusedcolor>
				<texturefocus border="5">button_outline_black_f.png</texturefocus>
				<texturenofocus border="5">button_outline_black.png</texturenofocus>
				<pulseonselect>false</pulseonselect>
				<onup>13</onup>
				<onleft>10</onleft>
				<onright>60</onright>
				<ondown>12</ondown>
			</control>
		</control>
		<control type="label">
			<description>Name label</description>
			<posx>20</posx>
			<posy>450</posy>
			<width>960</width>
			<height>30</height>
			<align>center</align>
			<aligny>center</aligny>
			<font>font24_title</font>
			<label>1022</label>
			<textcolor>black</textcolor>
		</control>
		<control type="button" id="12">
			<description>Name Button</description>
			<posx>20</posx>
			<posy>490</posy>
			<width>960</width>
			<height>50</height>
			<align>center</align>
			<aligny>center</aligny>
			<label></label>
			<font>font25</font>
			<textcolor>black</textcolor>
			<texturefocus border="5">MenuItem2NF.png</texturefocus>
			<texturenofocus border="5">MenuItemNF.png</texturenofocus>
			<onup>Control.SetFocus(10)</onup>
			<onleft></onleft>
			<onright>19</onright>
			<ondown>9001</ondown>
		</control>
		<control type="grouplist" id="9001">
			<posx>20</posx>
			<posy>590</posy>
			<width>960</width>
			<height>60</height>
			<itemgap>5</itemgap>
			<align>center</align>
			<orientation>horizontal</orientation>
			<onleft>9001</onleft>
			<onright>9001</onright>
			<onup>12</onup>
			<ondown></ondown>
			<control type="button" id="18">
				<description>Ok Button</description>
				<width>200</width>
				<include>ButtonInfoDialogsCommonValues</include>
				<label>186</label>
			</control>
			<control type="button" id="19">
				<description>Cancel Button</description>
				<width>200</width>
				<include>ButtonInfoDialogsCommonValues</include>
				<label>222</label>
			</control>
			<control type="button" id="20">
				<description>Set Content Button</description>
				<width>200</width>
				<include>ButtonInfoDialogsCommonValues</include>
				<label>20333</label>
			</control>
		</control>
		<control type="scrollbar" id="60">
			<posx>990</posx>
			<posy>120</posy>
			<width>29</width>
			<height>600</height>
			<texturesliderbackground border="0,14,0,14">ScrollBarV.png</texturesliderbackground>
			<texturesliderbar border="0,14,0,14">ScrollBarV_bar.png</texturesliderbar>
			<texturesliderbarfocus border="0,14,0,14">ScrollBarV_bar_focus.png</texturesliderbarfocus>
			<textureslidernib>ScrollBarNib.png</textureslidernib>
			<textureslidernibfocus>ScrollBarNib.png</textureslidernibfocus>
			<onleft>3</onleft>
			<onright>3</onright>
			<ondown>60</ondown>
			<onup>60</onup>
			<showonepage>false</showonepage>
			<orientation>vertical</orientation>
			<animation effect="fade" time="150">Visible</animation>
			<animation effect="fade" time="150">Hidden</animation>
			<visible>Control.IsVisible(450)</visible>
		</control>
	</controls>
</window>
