<?xml version="1.0" encoding="UTF-8"?>
<!-- Variable Homebuttons -->
<!-- Radio -->
<includes>

	<include name="RadioListBackgroundRight">
<!-- Stationlist Background left -->
	    <control type="group">
		    <animation effect="slide" start="640,0" end="0,0" time="500" tween="quadratic" easing="out">WindowOpen</animation>
		    <animation effect="slide" start="0,0" end="640,0" time="500" tween="quadratic" easing="out">WindowClose</animation>
		    <posx>625r</posx>
		    <posy>210</posy>
			<visible>Skin.HasSetting(EnableBGColor)</visible>
		    <control type="image">
			    <description>Station 1 BG</description>
			    <posx>0</posx>
			    <posy>0</posy>
		    	<width>460</width>
			    <height>70</height>
			    <font></font>
			    <texture colordiffuse="$INFO[Skin.String(HBSolidColor)]">radio_stationsbg_l.png</texture>
		    </control>		
		    <control type="image">
			    <description>Station 2 BG</description>
			    <posx>0</posx>
			    <posy>70</posy>
		    	<width>460</width>
			    <height>70</height>
			    <font></font>
			    <texture colordiffuse="$INFO[Skin.String(HBSolidColor)]">radio_stationsbg_l.png</texture>
		    </control>
		    <control type="image">
			    <description>Station 3 BG</description>
			    <posx>0</posx>
			    <posy>140</posy>
		    	<width>460</width>
			    <height>70</height>
			    <font></font>
			    <texture colordiffuse="$INFO[Skin.String(HBSolidColor)]">radio_stationsbg_l.png</texture>
		    </control>
		    <control type="image">
			    <description>Station 4 BG</description>
			    <posx>0</posx>
			    <posy>210</posy>
		    	<width>460</width>
			    <height>70</height>
			    <font></font>
			    <texture colordiffuse="$INFO[Skin.String(HBSolidColor)]">radio_stationsbg_l.png</texture>
		    </control>
		    <control type="image">
			    <description>Station 5 BG</description>
			    <posx>0</posx>
			    <posy>280</posy>
		    	<width>460</width>
			    <height>70</height>
			    <font></font>
			    <texture colordiffuse="$INFO[Skin.String(HBSolidColor)]">radio_stationsbg_l.png</texture>
		    </control>
		</control>
	</include>

	<include name="RadioListBackgroundLeft">
<!-- Stationlist Background left -->
	    <control type="group">
		    <animation effect="slide" start="-640,0" end="0,0" time="500" tween="quadratic" easing="out">WindowOpen</animation>
		    <animation effect="slide" start="0,0" end="-640,0" time="500" tween="quadratic" easing="out">WindowClose</animation>
		    <posx>165</posx>
		    <posy>210</posy>
			<visible>Skin.HasSetting(EnableBGColor)</visible>
		    <control type="image">
			    <description>Station 1 BG</description>
			    <posx>0</posx>
			    <posy>0</posy>
		    	<width>460</width>
			    <height>70</height>
			    <font></font>
			    <texture colordiffuse="$INFO[Skin.String(HBSolidColor)]">radio_stationsbg_r.png</texture>
		    </control>		
		    <control type="image">
			    <description>Station 2 BG</description>
			    <posx>0</posx>
			    <posy>70</posy>
		    	<width>460</width>
			    <height>70</height>
			    <font></font>
			    <texture colordiffuse="$INFO[Skin.String(HBSolidColor)]">radio_stationsbg_r.png</texture>
		    </control>
		    <control type="image">
			    <description>Station 3 BG</description>
			    <posx>0</posx>
			    <posy>140</posy>
		    	<width>460</width>
			    <height>70</height>
			    <font></font>
			    <texture colordiffuse="$INFO[Skin.String(HBSolidColor)]">radio_stationsbg_r.png</texture>
		    </control>
		    <control type="image">
			    <description>Station 4 BG</description>
			    <posx>0</posx>
			    <posy>210</posy>
		    	<width>460</width>
			    <height>70</height>
			    <font></font>
			    <texture colordiffuse="$INFO[Skin.String(HBSolidColor)]">radio_stationsbg_r.png</texture>
		    </control>
		    <control type="image">
			    <description>Station 5 BG</description>
			    <posx>0</posx>
			    <posy>280</posy>
		    	<width>460</width>
			    <height>70</height>
			    <font></font>
			    <texture colordiffuse="$INFO[Skin.String(HBSolidColor)]">radio_stationsbg_r.png</texture>
		    </control>
		</control>
	</include>


</includes>
