<window id="137">
	<defaultcontrol always="true">9001</defaultcontrol>
	<!-- removed allowoverlay -->
	<include>16x9_xPos_Relocation</include>
	<include>Window_OpenClose_Animation_Zoom</include>
	<coordinates>
		<system>1</system>
		<posx>140</posx>
		<posy>260</posy>
	</coordinates>
	<controls>
		<control type="image">
			<posx>0</posx>
			<posy>0</posy>
			<width>1000</width>
			<height>60</height>
			<texture border="5">DialogHeader.png</texture>
		</control>
		<control type="label">
			<description>header label</description>
			<posx>20</posx>
			<posy>0</posy>
			<include>WindowTitleCommons</include>
			<width>910</width>
			<label>$LOCALIZE[21421]</label>
		</control>
		<control type="group">
			<posx>930</posx>
			<posy>0</posy>
			<include>DialogCloseButtonCommons</include>
		</control>
		<control type="image">
			<posx>0</posx>
			<posy>60</posy>
			<width>1000</width>
			<height>300</height>
			<texture border="5">DialogBack.png</texture>
		</control>
		<control type="label">
			<description>Rule match label</description>
			<posx>20</posx>
			<posy>70</posy>
			<width>960</width>
			<height>20</height>
			<align>center</align>
			<aligny>center</aligny>
			<font>font20_title</font>
			<textcolor>black</textcolor>
			<label>21422</label>
		</control>
		<control type="group" id="9001">
			<control type="button" id="15">
				<description>Rule Field</description>
				<posx>20</posx>
				<posy>110</posy>
				<width>450</width>
				<height>50</height>
				<font></font>
				<textcolor>black</textcolor>
				<texturefocus border="5">MenuItemNF.png</texturefocus>
				<texturenofocus border="5">MenuItemNF.png</texturenofocus>
				<onright>16</onright>
				<onleft>16</onleft>
				<onup>9000</onup>
				<ondown>17</ondown>
			</control>
			<control type="label">
				<description>Rule Field label</description>
				<posx>25</posx>
				<posy>110</posy>
				<width>300</width>
				<height>50</height>
				<font>font20</font>
				<label>$INFO[Control.GetLabel(15)]</label>
				<align>left</align>
				<aligny>center</aligny>
				<textcolor>black</textcolor>
			</control>
			<control type="button" id="16">
				<description>Rule operator</description>
				<posx>510</posx>
				<posy>110</posy>
				<width>450</width>
				<height>50</height>
				<font></font>
				<texturefocus border="5">MenuItemNF.png</texturefocus>
				<texturenofocus border="5">MenuItemNF.png</texturenofocus>
				<onright>15</onright>
				<onleft>15</onleft>
				<onup>9000</onup>
				<ondown>17</ondown>
			</control>
			<control type="label">
				<description>Rule Field label</description>
				<posx>515</posx>
				<posy>110</posy>
				<width>300</width>
				<height>50</height>
				<font>font20</font>
				<label>$INFO[Control.GetLabel(16)]</label>
				<align>left</align>
				<aligny>center</aligny>
				<textcolor>black</textcolor>
			</control>
		</control>
		<control type="button" id="17">
			<description>Value Button</description>
			<posx>20</posx>
			<posy>170</posy>
			<width>740</width>
			<height>50</height>
			<font>font20</font>
			<textcolor>black</textcolor>
			<aligny>center</aligny>
			<texturefocus border="5">MenuItemNF.png</texturefocus>
			<texturenofocus border="5">MenuItemNF.png</texturenofocus>
			<label></label>
			<onup>9001</onup>
			<onleft>20</onleft>
			<onright>20</onright>
			<ondown>9000</ondown>
		</control>
		<control type="button" id="20">
			<description>Browse Button</description>
			<posx>760</posx>
			<posy>170</posy>
			<width>200</width>
			<height>50</height>
			<align>center</align>
			<aligny>center</aligny>
			<texturefocus border="5">IconBack-focus.png</texturefocus>
			<texturenofocus border="5">ListNF.png</texturenofocus>
			<label>1024</label>
			<font>font16_title</font>
			<onup>9001</onup>
			<onleft>17</onleft>
			<onright>17</onright>
			<ondown>9000</ondown>
		</control>
		<control type="grouplist" id="9002">
			<posx>20</posx>
			<posy>290</posy>
			<width>960</width>
			<height>50</height>
			<itemgap>20</itemgap>
			<align>center</align>
			<orientation>horizontal</orientation>
			<onleft>9000</onleft>
			<onright>9000</onright>
			<onup>50</onup>
			<ondown>49</ondown>
			<control type="button" id="18">
				<description>OK Button</description>
				<width>200</width>
				<include>ButtonInfoDialogsCommonValues</include>
				<label>186</label>
			</control>
			<control type="button" id="19">
				<description>Cancel Button</description>
				<width>200</width>
				<include>ButtonInfoDialogsCommonValues</include>
				<label>222</label>
			</control>
		</control>
	</controls>
</window>