<?xml version="1.0" encoding="UTF-8"?>
<colors>
    <color name="Highlight">ff0385b5</color>
    <color name="Highlight2">FFff4081</color>
    <color name="Selected">FFededed</color>
	<color name="ColoredStars">FFD402AA</color>
	<color name="ColoredIcons">FFD402AA</color>
	 
    <color name="Dark1">ffDBDBDB</color>
    <color name="Dark2">ccDBDBDB</color>
    <color name="Dark3">4dDBDBDB</color>
    <color name="Dark4">E6261F1A</color>
    <color name="Light1">ff333333</color>
    <color name="Light2">b3333333</color>
    <color name="Light3">4d333333</color>
    <color name="Light4">1f333333</color>
    
    <color name="White100">FF333333</color>
    <color name="White70">B3333333</color>
    <color name="White30">4D333333</color>
    <color name="White12">1F333333</color>
    
    <color name="Black100">FFbbbbbb</color>
    <color name="Black70">B3bbbbbb</color>
    <color name="Black30">4Dbbbbbb</color>
    <color name="Black12">1Fbbbbbb</color>
	
	<color name="PanelWhite100">FFdddddd</color>
	<color name="PanelWhite90">E6dddddd</color>
    <color name="PanelWhite70">B3dddddd</color>
    <color name="PanelWhite30">4Ddddddd</color>
    <color name="PanelWhite12">1Fdddddd</color>
    <color name="PanelBlack30">4D000000</color>
	
	<color name="MenuSlide">FF302720</color>
	<color name="InfoBackground">b3302720</color>
    
    <color name="Background">ff302720</color>
	<color name="BackgroundNew">D9302720</color>
	<color name="BackgroundNewBlur">55302720</color>
    <color name="FanartFade">26ffffff</color>
	<color name="FanartFadeBlur">A6ffffff</color>
    <color name="FloorFade">D9302720</color>
	<color name="FloorFade2">D9302720</color>
	<color name="FloorFadeBlur">D9302720</color>
	
	<color name="OSDBack">df000000</color>
	<color name="Panel">FF1D1917</color>
	
	<color name="Box2">E6A7A7A7</color>
	<color name="BoxNotification">CCA7A7A7</color>
	<color name="BoxWidget">E6A7A7A7</color>
	<color name="BoxHomerow">80A7A7A7</color>
	
	<color name="WatchedIcons">FFDBDBDB</color>
	<color name="WatchedIconsList">FFDBDBDB</color> 
	<color name="WatchedIconsListFocus">FF616161</color> 
</colors>
