<?xml version="1.0" encoding="UTF-8" standalone="yes"?>
<addon id="script.extendedinfo" name="[B][COLOR lightseagreen]D[/COLOR]eath[COLOR  lightseagreen]S[/COLOR]tar EIM[/B]" version="6.0.4" provider-name="unknown">
	<requires>
		<import addon="xbmc.python" version="2.25.0"/>
		<import addon="script.module.pil" version="1.1.7"/>
		<import addon="plugin.video.youtube" version="6.2.2"/>
		<import addon="script.module.requests" version="2.9.1"/>
		<import addon="script.skin.helper.service" version="1.0.0"/>
		<import addon="resource.images.studios.white" version="0.0.18"/>
		<import addon="plugin.video.x-wing" version="9.0.4"/>
	</requires>
	<extension point="xbmc.python.script" library="script.py"/>
	<extension point="xbmc.python.pluginsource" library="plugin.py">
		<provides>video</provides>
	</extension>
	<extension point="kodi.context.item">
		<menu id="kodi.core.main">
			<item library="context.py">
				<label>Deathstar EIM</label>
				<visible>String.IsEqual(ListItem.dbtype,movie) | String.IsEqual(ListItem.dbtype,tvshow) | String.IsEqual(ListItem.dbtype,season) | String.IsEqual(ListItem.dbtype,episode) | String.IsEqual(ListItem.dbtype,actor) | String.IsEqual(ListItem.dbtype,director)</visible>
			</item>
		</menu>
	</extension>
	<extension point="xbmc.addon.metadata">
		<platform>all</platform>
		<summary>Fork of the ExtendedInfo script from phil65 - Works with [COLOR lightseagreengreen]M[/COLOR]x-win[COLOR lightseagreengreen]G[/COLOR] D[COLOR lightseagreengreen]S[/COLOR]ed</summary>
		<description>This script offers various possibilities to display online content inside skins as well as a complete MovieDB browser including info dialogs for various media types. Used services are themoviedb.org, theaudiodb.org, Trakt.TV, omdbapi.com and a lot more. Still Needs dome code adding for certain functions. Uses [B][COLOR lightseagreen]M[/COLOR]x-win[COLOR lightseagreen]G[/COLOR] D[COLOR lightseagreen]S[/COLOR][/B]ed for playback and library functions.</description>
		<assets>
			<icon>icon.png</icon>
			<fanart>fanart.jpg</fanart>
			<screenshot>resources/media/screenshot1.png</screenshot>
			<screenshot>resources/media/screenshot2.png</screenshot>
			<screenshot>resources/media/screenshot3.png</screenshot>
			<screenshot>resources/media/screenshot4.png</screenshot>
			<screenshot>resources/media/screenshot5.png</screenshot>
			<screenshot>resources/media/screenshot6.png</screenshot>
		</assets>
	</extension>
</addon>