<?xml version="1.0" encoding="UTF-8"?>
<!-- Foundation -->
<window type="dialog" id="1153">
    <defaultcontrol always="true">3122</defaultcontrol>
	<onload>SetFocus(3122)</onload>
    <onload condition="String.IsEqual(Container.Viewmode, $LOCALIZE[31264])">SetFocus(3121)</onload>
    <onload condition="String.IsEqual(Container.Viewmode, $LOCALIZE[37710])">SetFocus(3120)</onload>
    <onload condition="String.IsEqual(Container.Viewmode, $LOCALIZE[535])">SetFocus(3122)</onload>
    <onload condition="String.IsEqual(Container.Viewmode, $LOCALIZE[536])">SetFocus(3123)</onload>
    <onload condition="String.IsEqual(Container.Viewmode, $LOCALIZE[31147])">SetFocus(3124)</onload>
    <onload condition="String.IsEqual(Container.Viewmode, $LOCALIZE[540])">SetFocus(3125)</onload>
    <onload condition="String.IsEqual(Container.Viewmode, $LOCALIZE[37711])">SetFocus(3126)</onload>
    <onload condition="String.IsEqual(Container.Viewmode, $LOCALIZE[539])">SetFocus(3128)</onload>
    <onload condition="String.IsEqual(Container.Viewmode, $LOCALIZE[538])">SetFocus(3127)</onload>
	<allowoverlay>yes</allowoverlay>
    <zorder>100</zorder>
    <controls>		
        <control type="group">			
			<include>Animation.FadeIn</include>
            <include>Animation.FadeOut</include>			
			<control type="image">
				<left>590</left>
				<top>184</top>	
				<width>429</width>
				<height>692</height>
				<colordiffuse>White100</colordiffuse>
				<texture border="16">common/rounded-shadow8.png</texture>
			</control>
			
			<control type="group">
				<left>612</left>
				<top>206</top>
				<control type="label">
					<description>Header Label</description>
					<left>70</left>
					<width>1000</width>
					<posy>0</posy>
					<include>FontTop</include>
					<textcolor>Dark2</textcolor>
					<label>582</label>
				</control>
				
				<control type="image">
					<top>15</top>
					<left>15</left>
					<width>40</width>
					<height>40</height>
					<colordiffuse>$VAR[ColorKodiLogo]</colordiffuse>
					<texture>buttons/kodi-logo.png</texture>
				</control>
				
				<!-- Lines -->
				<control type="image">
					<top>70</top>
					<left>17</left>
					<width>350</width>
					<height>1</height>
					<bottom>10</bottom>
					<colordiffuse>Black12</colordiffuse>
					<texture>common/white.png</texture>
				</control>
			</control>
			
			<control type="group">
				<height>390</height>
				<left>587</left>
				<top>200</top>
				<control type="image">
					<description>arrow image</description>
					<left>200</left>
					<top>-30</top>
					<width>16</width>
					<height>16</height>
					<texture colordiffuse="White70" flipy="true">common/arrow-small.png</texture>
				</control>
				<control type="image">
					<description>arrow image</description>
					<left>200</left>
					<top>682</top>
					<width>16</width>
					<height>16</height>
					<texture colordiffuse="White70" flipy="false">common/arrow-small.png</texture>
				</control>
			</control>
		 	<control type="grouplist" id="9001">
                <height>560</height>
                <left>598</left>
    			<top>294</top>
				<onleft>SetFocus(9305)</onleft>
				<onleft>Close</onleft>
				<onright>SetFocus(9305)</onright>
				<onright>Close</onright>			
				<itemgap>0</itemgap>
                <control type="button" id="3120">
				    <width>413</width>
                    <include>DefContextButton</include>
                    <label>37710</label>
					<align>left</align>
                    <onclick>Container.SetViewMode(514)</onclick>
					<onclick>Close</onclick> 
                    <enable>!Container.Content(songs)</enable>
                </control>
				<control type="button" id="3121">
				    <width>413</width>
                    <include>DefContextButton</include>
                    <label>31264</label>
					<align>left</align>
                    <onclick>Container.SetViewMode(500)</onclick>
					<onclick>Close</onclick> 
                </control>
				<control type="button" id="3122">
				    <width>413</width>
                    <include>DefContextButton</include>
                    <label>535</label>
					<align>left</align>
                    <onclick>Container.SetViewMode(50)</onclick>
					<onclick>Close</onclick> 
                </control>				
				<control type="button" id="3123">
				    <width>413</width>
                    <include>DefContextButton</include>
                    <label>536</label>
					<align>left</align>
                    <onclick>Container.SetViewMode(507)</onclick>
					<onclick>Close</onclick> 
                    <enable>!Container.Content(songs)</enable>
                </control>
                <control type="button" id="3124">
				    <width>413</width>
                    <include>DefContextButton</include>
                    <label>31147</label>
					<align>left</align>
                    <onclick>Container.SetViewMode(57)</onclick>
					<onclick>Close</onclick> 
                    <enable>!Container.Content(songs) + !Container.Content(albums)</enable>
                </control>	
                <control type="button" id="3125">
				    <width>413</width>
                    <include>DefContextButton</include>
                    <label>540</label>
					<align>left</align>
                    <onclick>Container.SetViewMode(51)</onclick>
					<onclick>Close</onclick> 
                    <enable>!Container.Content(songs) + !Container.Content(albums)</enable>
                </control>
                <control type="button" id="3126">
				    <width>413</width>
                    <include>DefContextButton</include>
                    <label>37711</label>
					<align>left</align>
                    <onclick>Container.SetViewMode(505)</onclick>
					<onclick>Close</onclick> 
                    <enable>!Container.Content(songs) + !Container.Content(albums)</enable>
                </control>	
                <control type="button" id="3127">
				    <width>413</width>
                    <include>DefContextButton</include>
                    <label>538</label>
					<align>left</align>
                    <onclick>Container.SetViewMode(503)</onclick>
					<onclick>Close</onclick> 
                    <enable>!Container.Content(artists)</enable>
                </control>
                <control type="button" id="3128">
				    <width>413</width>
                    <include>DefContextButton</include>
                    <label>539</label>
					<align>left</align>
                    <onclick>Container.SetViewMode(54)</onclick>
					<onclick>Close</onclick> 
                    <enable>!Container.Content(artists)</enable>
                </control>		
            </control>
            
            
			<control type="image">
				<left>1025</left>
				<top>184</top>	
				<width>803</width>
				<height>463</height>
				<colordiffuse>White100</colordiffuse>
				<texture border="16">common/rounded-shadow8.png</texture>
			</control>
			
			<control type="image">
				<visible>ControlGroup(9001).HasFocus(3120)</visible>
				<description>Thumb image</description>
				<left>1036</left>
				<top>196</top>
				<width>780</width>
				<height>439</height>
				<texture border="5">special://skin/extras/views/514Music.jpg</texture>
			</control>
			<control type="image">
				<visible>ControlGroup(9001).HasFocus(3121)</visible>
				<description>Thumb image</description>
				<left>1036</left>
				<top>196</top>
				<width>780</width>
				<height>439</height>
				<texture border="5">special://skin/extras/views/500Music.jpg</texture>
			</control>
			<control type="image">
				<visible>ControlGroup(9001).HasFocus(3122)</visible>
				<description>Thumb image</description>
				<left>1036</left>
				<top>196</top>
				<width>780</width>
				<height>439</height>
				<texture border="5">special://skin/extras/views/50Music.jpg</texture>
			</control>
			<control type="image">
				<visible>ControlGroup(9001).HasFocus(3123)</visible>
				<description>Thumb image</description>
				<left>1036</left>
				<top>196</top>
				<width>780</width>
				<height>439</height>
				<texture border="5">special://skin/extras/views/506Music.jpg</texture>
			</control>
            <control type="image">
				<visible>ControlGroup(9001).HasFocus(3124)</visible>
				<description>Thumb image</description>
				<left>1036</left>
				<top>196</top>
				<width>780</width>
				<height>439</height>
				<texture border="5">special://skin/extras/views/57Music.jpg</texture>
			</control>
            <control type="image">
				<visible>ControlGroup(9001).HasFocus(3125)</visible>
				<description>Thumb image</description>
				<left>1036</left>
				<top>196</top>
				<width>780</width>
				<height>439</height>
				<texture border="5">special://skin/extras/views/51Music.jpg</texture>
			</control>
            <control type="image">
				<visible>ControlGroup(9001).HasFocus(3126)</visible>
				<description>Thumb image</description>
				<left>1036</left>
				<top>196</top>
				<width>780</width>
				<height>439</height>
				<texture border="5">special://skin/extras/views/505Music.jpg</texture>
			</control>
            <control type="image">
				<visible>ControlGroup(9001).HasFocus(3127)</visible>
				<description>Thumb image</description>
				<left>1036</left>
				<top>196</top>
				<width>780</width>
				<height>439</height>
				<texture border="5">special://skin/extras/views/503Music.jpg</texture>
			</control>
            <control type="image">
				<visible>ControlGroup(9001).HasFocus(3128)</visible>
				<description>Thumb image</description>
				<left>1036</left>
				<top>196</top>
				<width>780</width>
				<height>439</height>
				<texture border="5">special://skin/extras/views/54Music.jpg</texture>
			</control>

		</control>
    </controls>
</window>
