<?xml version="1.0" encoding="UTF-8"?>
<!-- Foundation -->
<window id="0">
    <defaultcontrol always="true">300</defaultcontrol>    
    <onload>RunScript(script.favourites)</onload>
    <onload>RunScript(script.skinshortcuts,type=buildxml&amp;mainmenuID=300&amp;group=mainmenu|x1111|x1112|x1113|x1114|x1115|x1116|x1117|x1118|x1119)</onload>
    <onload>Skin.SetBool(SkinHelper.EnableAnimatedPosters)</onload>
    
    <!--<onload condition="">ReplaceWindow(1296)</onload>-->
    <onload condition="!Skin.HasSetting(firststartwipinfo)">Skin.Reset(wipinfo)</onload>
    <onload condition="!Skin.HasSetting(firststartwipinfo)">Skin.SetBool(wipinfo)</onload>
    <onload condition="!Skin.HasSetting(firststartwipinfo)">Skin.SetBool(firststartwipinfo)</onload>
    
    <onload condition="!Skin.HasSetting(firststartblurfade">Skin.SetString(BackgroundBlur,80)</onload>
    <onload condition="!Skin.HasSetting(firststartblurfade)">Skin.SetBool(firststartblurfade)</onload>
    <controls>
        <include>GlobalBackground</include>        
        <include condition="Skin.HasSetting(home.vertical)">HomeVerticalMenu</include>        
        <include condition="!Skin.HasSetting(home.vertical)">HomeHeader</include>
        <include condition="!Skin.HasSetting(home.vertical)">HomeNextRecording</include>
        <include condition="!Skin.HasSetting(home.vertical) + !Skin.HasSetting(home.showclearlogotopright) + !Skin.HasSetting(home.modernwidgets)">HomeWeatherWidget</include>
        <include condition="!Skin.HasSetting(home.vertical)">HomeNowPlaying</include>
        <include condition="!Skin.HasSetting(home.vertical)">HomeBackgroundPlaylist</include>
        <include condition="!Skin.HasSetting(home.vertical) + !Skin.HasSetting(home.classicwidgets)">HomeRow</include>
        <include condition="!Skin.HasSetting(home.vertical) + !Skin.HasSetting(home.classicwidgets)">HomeWidgetInfo</include>
        <include condition="!Skin.HasSetting(home.vertical) + Skin.HasSetting(home.classicwidgets)">HomeClassicWidgets</include>        
        <include condition="!Skin.HasSetting(home.vertical) + Skin.HasSetting(home.submenu2) + !Skin.HasSetting(home.showicons)">HomeSubMenu2</include>
        <include condition="!Skin.HasSetting(home.vertical) + [!Skin.HasSetting(home.submenu2) | Skin.HasSetting(home.showicons)]">HomeSubMenu</include>        
        <include>GermanTelecastOffers</include>        
        <control type="group">
            <include>Animation.FadeIn</include>
            <include>Animation.FadeOut</include>
            <visible>Window.IsVisible(script-script.extendedinfo-DialogVideoInfo.xml) | Window.IsVisible(script-script.extendedinfo-DialogInfo.xml) | Window.IsVisible(script-script.extendedinfo-VideoList.xml) | Window.IsVisible(DialogVideoInfo.xml) | Window.IsVisible(DialogMusicInfo.xml) | Window.IsVisible(DialogPVRInfo.xml) | Window.IsVisible(DialogAddonInfo.xml) | Window.IsVisible(skin.arctic.zephyr.mod.script-gto-info.xml)</visible>
            <include condition="!Skin.HasSetting(home.vertical)">GlobalBackgroundExtended</include>
            <include condition="!Skin.HasSetting(home.vertical)">Furniture_Header</include>
			<include condition="!Skin.HasSetting(home.vertical)">Furniture_Flags</include>
            <include condition="!Skin.HasSetting(home.vertical)">Furniture_NowPlaying</include>
            <include condition="!Skin.HasSetting(home.vertical)">Furniture_Clock</include>
            <include condition="!Skin.HasSetting(home.vertical)">Furniture_Weather</include>
        </control>
		<control type="group">
            <visible>[!Window.IsVisible(DialogVideoInfo.xml) + !String.Contains(Container(300).ListItem.Property(widget),Weather)] | [!Window.IsVisible(DialogVideoInfo.xml) + String.Contains(Container(300).ListItem.Property(widget),Weather) + String.IsEmpty(Skin.String(weather.fanart.path))]</visible>
			<include>HomeClearLogo</include>
		</control>
    </controls>
</window>