<?xml version="1.0" encoding="UTF-8"?>
<includes>
    <variable name="PercentWatched">
        <value condition="ListItem.IsPlaying">indicator/play.png</value>
        <value condition="ListItem.IsResumable">indicator/inprogress.png</value>
        <value condition="String.IsEqual(ListItem.Overlay,OverlayWatched.png)">indicator/checkmark.png</value>
        <value condition="[String.Contains(ListItem.Overlay,OverlayUnwatched.png) + [[Container.Content(movies) + [String.IsEqual(Window(Home).Property(LatestMovie.1.Title),ListItem.Label) | String.IsEqual(Window(Home).Property(LatestMovie.2.Title),ListItem.Label) | String.IsEqual(Window(Home).Property(LatestMovie.3.Title),ListItem.Label) | String.IsEqual(Window(Home).Property(LatestMovie.4.Title),ListItem.Label) | String.IsEqual(Window(Home).Property(LatestMovie.5.Title),ListItem.Label) | String.IsEqual(Window(Home).Property(LatestMovie.6.Title),ListItem.Label) | String.IsEqual(Window(Home).Property(LatestMovie.7.Title),ListItem.Label) | String.IsEqual(Window(Home).Property(LatestMovie.8.Title),ListItem.Label) | String.IsEqual(Window(Home).Property(LatestMovie.9.Title),ListItem.Label) | String.IsEqual(Window(Home).Property(LatestMovie.10.Title),ListItem.Label)]] | [[Container.Content(tvshows)] + [String.IsEqual(Window(Home).Property(LatestEpisode.1.ShowTitle),ListItem.TvShowTitle) | String.IsEqual(Window(Home).Property(LatestEpisode.2.ShowTitle),ListItem.TvShowTitle) | String.IsEqual(Window(Home).Property(LatestEpisode.3.ShowTitle),ListItem.TvShowTitle) | String.IsEqual(Window(Home).Property(LatestEpisode.4.ShowTitle),ListItem.TvShowTitle) | String.IsEqual(Window(Home).Property(LatestEpisode.5.ShowTitle),ListItem.TvShowTitle) | String.IsEqual(Window(Home).Property(LatestEpisode.6.ShowTitle),ListItem.TvShowTitle) | String.IsEqual(Window(Home).Property(LatestEpisode.7.ShowTitle),ListItem.TvShowTitle) | String.IsEqual(Window(Home).Property(LatestEpisode.8.ShowTitle),ListItem.TvShowTitle) | String.IsEqual(Window(Home).Property(LatestEpisode.9.ShowTitle),ListItem.TvShowTitle) | String.IsEqual(Window(Home).Property(LatestEpisode.10.ShowTitle),ListItem.TvShowTitle)]] | [Container.Content(episodes) + [String.IsEqual(Window(Home).Property(LatestEpisode.1.EpisodeTitle),ListItem.Title) | String.IsEqual(Window(Home).Property(LatestEpisode.2.EpisodeTitle),ListItem.Title) | String.IsEqual(Window(Home).Property(LatestEpisode.3.EpisodeTitle),ListItem.Title) | String.IsEqual(Window(Home).Property(LatestEpisode.4.EpisodeTitle),ListItem.Title) | String.IsEqual(Window(Home).Property(LatestEpisode.5.EpisodeTitle),ListItem.Title) | String.IsEqual(Window(Home).Property(LatestEpisode.6.EpisodeTitle),ListItem.Title) | String.IsEqual(Window(Home).Property(LatestEpisode.7.EpisodeTitle),ListItem.Title) | String.IsEqual(Window(Home).Property(LatestEpisode.8.EpisodeTitle),ListItem.Title) | String.IsEqual(Window(Home).Property(LatestEpisode.9.EpisodeTitle),ListItem.Title) | String.IsEqual(Window(Home).Property(LatestEpisode.10.EpisodeTitle),ListItem.Title)]]]]">indicator/new.png</value>
        <value condition="String.IsEqual(ListItem.Overlay,OverlayUnwatched.png)">indicator/unwatched.png</value>
    </variable>
	
	<variable name="WatchedBacking">
		<value condition="Skin.HasSetting(WatchedBackingOff)"></value> 
		<value condition="ListItem.IsPlaying">[COLOR=FF333333]&#61833;[/COLOR]</value>      
        <value condition="ListItem.IsResumable">[COLOR=FF333333]&#61833;[/COLOR]</value>
        <value condition="String.IsEqual(ListItem.Overlay,OverlayWatched.png)">[COLOR=FF333333]&#61833;[/COLOR]</value>
        <value condition="[String.Contains(ListItem.Overlay,OverlayUnwatched.png) + [[Container.Content(movies) + [String.IsEqual(Window(Home).Property(LatestMovie.1.Title),ListItem.Label) | String.IsEqual(Window(Home).Property(LatestMovie.2.Title),ListItem.Label) | String.IsEqual(Window(Home).Property(LatestMovie.3.Title),ListItem.Label) | String.IsEqual(Window(Home).Property(LatestMovie.4.Title),ListItem.Label) | String.IsEqual(Window(Home).Property(LatestMovie.5.Title),ListItem.Label) | String.IsEqual(Window(Home).Property(LatestMovie.6.Title),ListItem.Label) | String.IsEqual(Window(Home).Property(LatestMovie.7.Title),ListItem.Label) | String.IsEqual(Window(Home).Property(LatestMovie.8.Title),ListItem.Label) | String.IsEqual(Window(Home).Property(LatestMovie.9.Title),ListItem.Label) | String.IsEqual(Window(Home).Property(LatestMovie.10.Title),ListItem.Label)]] | [[Container.Content(tvshows)] + [String.IsEqual(Window(Home).Property(LatestEpisode.1.ShowTitle),ListItem.TvShowTitle) | String.IsEqual(Window(Home).Property(LatestEpisode.2.ShowTitle),ListItem.TvShowTitle) | String.IsEqual(Window(Home).Property(LatestEpisode.3.ShowTitle),ListItem.TvShowTitle) | String.IsEqual(Window(Home).Property(LatestEpisode.4.ShowTitle),ListItem.TvShowTitle) | String.IsEqual(Window(Home).Property(LatestEpisode.5.ShowTitle),ListItem.TvShowTitle) | String.IsEqual(Window(Home).Property(LatestEpisode.6.ShowTitle),ListItem.TvShowTitle) | String.IsEqual(Window(Home).Property(LatestEpisode.7.ShowTitle),ListItem.TvShowTitle) | String.IsEqual(Window(Home).Property(LatestEpisode.8.ShowTitle),ListItem.TvShowTitle) | String.IsEqual(Window(Home).Property(LatestEpisode.9.ShowTitle),ListItem.TvShowTitle) | String.IsEqual(Window(Home).Property(LatestEpisode.10.ShowTitle),ListItem.TvShowTitle)]] | [Container.Content(episodes) + [String.IsEqual(Window(Home).Property(LatestEpisode.1.EpisodeTitle),ListItem.Title) | String.IsEqual(Window(Home).Property(LatestEpisode.2.EpisodeTitle),ListItem.Title) | String.IsEqual(Window(Home).Property(LatestEpisode.3.EpisodeTitle),ListItem.Title) | String.IsEqual(Window(Home).Property(LatestEpisode.4.EpisodeTitle),ListItem.Title) | String.IsEqual(Window(Home).Property(LatestEpisode.5.EpisodeTitle),ListItem.Title) | String.IsEqual(Window(Home).Property(LatestEpisode.6.EpisodeTitle),ListItem.Title) | String.IsEqual(Window(Home).Property(LatestEpisode.7.EpisodeTitle),ListItem.Title) | String.IsEqual(Window(Home).Property(LatestEpisode.8.EpisodeTitle),ListItem.Title) | String.IsEqual(Window(Home).Property(LatestEpisode.9.EpisodeTitle),ListItem.Title) | String.IsEqual(Window(Home).Property(LatestEpisode.10.EpisodeTitle),ListItem.Title)]]]]">[COLOR=FF333333]&#61833;[/COLOR]</value>
        <!--<value condition="String.IsEqual(ListItem.Overlay,OverlayUnwatched.png)">indicator/backing.png</value>-->
    </variable>
	<variable name="WatchedBackingColor">       
        <value>FF333333</value>      
    </variable>
	
	
	
	<variable name="PercentWatchedNew">
        <!--<value condition="ListItem.IsPlaying">indicator/play.png</value>-->
        <value condition="ListItem.IsResumable">backg/angefangen.png</value>
        <value condition="String.IsEqual(ListItem.Overlay,OverlayWatched.png)">backg/fertig.png</value>
        <value condition="[String.Contains(ListItem.Overlay,OverlayUnwatched.png) + [[Container.Content(movies) + [String.IsEqual(Window(Home).Property(LatestMovie.1.Title),ListItem.Label) | String.IsEqual(Window(Home).Property(LatestMovie.2.Title),ListItem.Label) | String.IsEqual(Window(Home).Property(LatestMovie.3.Title),ListItem.Label) | String.IsEqual(Window(Home).Property(LatestMovie.4.Title),ListItem.Label) | String.IsEqual(Window(Home).Property(LatestMovie.5.Title),ListItem.Label) | String.IsEqual(Window(Home).Property(LatestMovie.6.Title),ListItem.Label) | String.IsEqual(Window(Home).Property(LatestMovie.7.Title),ListItem.Label) | String.IsEqual(Window(Home).Property(LatestMovie.8.Title),ListItem.Label) | String.IsEqual(Window(Home).Property(LatestMovie.9.Title),ListItem.Label) | String.IsEqual(Window(Home).Property(LatestMovie.10.Title),ListItem.Label)]] | [[Container.Content(tvshows)] + [String.IsEqual(Window(Home).Property(LatestEpisode.1.ShowTitle),ListItem.TvShowTitle) | String.IsEqual(Window(Home).Property(LatestEpisode.2.ShowTitle),ListItem.TvShowTitle) | String.IsEqual(Window(Home).Property(LatestEpisode.3.ShowTitle),ListItem.TvShowTitle) | String.IsEqual(Window(Home).Property(LatestEpisode.4.ShowTitle),ListItem.TvShowTitle) | String.IsEqual(Window(Home).Property(LatestEpisode.5.ShowTitle),ListItem.TvShowTitle) | String.IsEqual(Window(Home).Property(LatestEpisode.6.ShowTitle),ListItem.TvShowTitle) | String.IsEqual(Window(Home).Property(LatestEpisode.7.ShowTitle),ListItem.TvShowTitle) | String.IsEqual(Window(Home).Property(LatestEpisode.8.ShowTitle),ListItem.TvShowTitle) | String.IsEqual(Window(Home).Property(LatestEpisode.9.ShowTitle),ListItem.TvShowTitle) | String.IsEqual(Window(Home).Property(LatestEpisode.10.ShowTitle),ListItem.TvShowTitle)]] | [Container.Content(episodes) + [String.IsEqual(Window(Home).Property(LatestEpisode.1.EpisodeTitle),ListItem.Title) | String.IsEqual(Window(Home).Property(LatestEpisode.2.EpisodeTitle),ListItem.Title) | String.IsEqual(Window(Home).Property(LatestEpisode.3.EpisodeTitle),ListItem.Title) | String.IsEqual(Window(Home).Property(LatestEpisode.4.EpisodeTitle),ListItem.Title) | String.IsEqual(Window(Home).Property(LatestEpisode.5.EpisodeTitle),ListItem.Title) | String.IsEqual(Window(Home).Property(LatestEpisode.6.EpisodeTitle),ListItem.Title) | String.IsEqual(Window(Home).Property(LatestEpisode.7.EpisodeTitle),ListItem.Title) | String.IsEqual(Window(Home).Property(LatestEpisode.8.EpisodeTitle),ListItem.Title) | String.IsEqual(Window(Home).Property(LatestEpisode.9.EpisodeTitle),ListItem.Title) | String.IsEqual(Window(Home).Property(LatestEpisode.10.EpisodeTitle),ListItem.Title)]]]]">backg/neu.png</value>
        <!--<value condition="String.IsEqual(ListItem.Overlay,OverlayUnwatched.png)">indicator/unwatched.png</value>-->
    </variable>
	
	<variable name="PercentWatchedNeu">
        <!--<value condition="ListItem.IsPlaying">indicator/play.png</value>-->
        <value condition="ListItem.IsResumable">backg/OverlayWatched.png</value>
        <value condition="String.IsEqual(ListItem.Overlay,OverlayWatched.png)">backg/OverlayWatched.png</value>
        <value condition="[String.Contains(ListItem.Overlay,OverlayUnwatched.png) + [[Container.Content(movies) + [String.IsEqual(Window(Home).Property(LatestMovie.1.Title),ListItem.Label) | String.IsEqual(Window(Home).Property(LatestMovie.2.Title),ListItem.Label) | String.IsEqual(Window(Home).Property(LatestMovie.3.Title),ListItem.Label) | String.IsEqual(Window(Home).Property(LatestMovie.4.Title),ListItem.Label) | String.IsEqual(Window(Home).Property(LatestMovie.5.Title),ListItem.Label) | String.IsEqual(Window(Home).Property(LatestMovie.6.Title),ListItem.Label) | String.IsEqual(Window(Home).Property(LatestMovie.7.Title),ListItem.Label) | String.IsEqual(Window(Home).Property(LatestMovie.8.Title),ListItem.Label) | String.IsEqual(Window(Home).Property(LatestMovie.9.Title),ListItem.Label) | String.IsEqual(Window(Home).Property(LatestMovie.10.Title),ListItem.Label)]] | [[Container.Content(tvshows)] + [String.IsEqual(Window(Home).Property(LatestEpisode.1.ShowTitle),ListItem.TvShowTitle) | String.IsEqual(Window(Home).Property(LatestEpisode.2.ShowTitle),ListItem.TvShowTitle) | String.IsEqual(Window(Home).Property(LatestEpisode.3.ShowTitle),ListItem.TvShowTitle) | String.IsEqual(Window(Home).Property(LatestEpisode.4.ShowTitle),ListItem.TvShowTitle) | String.IsEqual(Window(Home).Property(LatestEpisode.5.ShowTitle),ListItem.TvShowTitle) | String.IsEqual(Window(Home).Property(LatestEpisode.6.ShowTitle),ListItem.TvShowTitle) | String.IsEqual(Window(Home).Property(LatestEpisode.7.ShowTitle),ListItem.TvShowTitle) | String.IsEqual(Window(Home).Property(LatestEpisode.8.ShowTitle),ListItem.TvShowTitle) | String.IsEqual(Window(Home).Property(LatestEpisode.9.ShowTitle),ListItem.TvShowTitle) | String.IsEqual(Window(Home).Property(LatestEpisode.10.ShowTitle),ListItem.TvShowTitle)]] | [Container.Content(episodes) + [String.IsEqual(Window(Home).Property(LatestEpisode.1.EpisodeTitle),ListItem.Title) | String.IsEqual(Window(Home).Property(LatestEpisode.2.EpisodeTitle),ListItem.Title) | String.IsEqual(Window(Home).Property(LatestEpisode.3.EpisodeTitle),ListItem.Title) | String.IsEqual(Window(Home).Property(LatestEpisode.4.EpisodeTitle),ListItem.Title) | String.IsEqual(Window(Home).Property(LatestEpisode.5.EpisodeTitle),ListItem.Title) | String.IsEqual(Window(Home).Property(LatestEpisode.6.EpisodeTitle),ListItem.Title) | String.IsEqual(Window(Home).Property(LatestEpisode.7.EpisodeTitle),ListItem.Title) | String.IsEqual(Window(Home).Property(LatestEpisode.8.EpisodeTitle),ListItem.Title) | String.IsEqual(Window(Home).Property(LatestEpisode.9.EpisodeTitle),ListItem.Title) | String.IsEqual(Window(Home).Property(LatestEpisode.10.EpisodeTitle),ListItem.Title)]]]]">backg/OverlayWatched.png</value>
        <!--<value condition="String.IsEqual(ListItem.Overlay,OverlayUnwatched.png)">indicator/unwatched.png</value>-->
    </variable>
	
	
	
	
	<variable name="ColorWatched">
		<value condition="ListItem.IsResumable">$VAR[ColorHighlight]</value>
        <value condition="String.IsEqual(ListItem.Overlay,OverlayWatched.png)">FF333333</value>
        <value condition="[String.Contains(ListItem.Overlay,OverlayUnwatched.png) + [[Container.Content(movies) + [String.IsEqual(Window(Home).Property(LatestMovie.1.Title),ListItem.Label) | String.IsEqual(Window(Home).Property(LatestMovie.2.Title),ListItem.Label) | String.IsEqual(Window(Home).Property(LatestMovie.3.Title),ListItem.Label) | String.IsEqual(Window(Home).Property(LatestMovie.4.Title),ListItem.Label) | String.IsEqual(Window(Home).Property(LatestMovie.5.Title),ListItem.Label) | String.IsEqual(Window(Home).Property(LatestMovie.6.Title),ListItem.Label) | String.IsEqual(Window(Home).Property(LatestMovie.7.Title),ListItem.Label) | String.IsEqual(Window(Home).Property(LatestMovie.8.Title),ListItem.Label) | String.IsEqual(Window(Home).Property(LatestMovie.9.Title),ListItem.Label) | String.IsEqual(Window(Home).Property(LatestMovie.10.Title),ListItem.Label)]] | [[Container.Content(tvshows)] + [String.IsEqual(Window(Home).Property(LatestEpisode.1.ShowTitle),ListItem.TvShowTitle) | String.IsEqual(Window(Home).Property(LatestEpisode.2.ShowTitle),ListItem.TvShowTitle) | String.IsEqual(Window(Home).Property(LatestEpisode.3.ShowTitle),ListItem.TvShowTitle) | String.IsEqual(Window(Home).Property(LatestEpisode.4.ShowTitle),ListItem.TvShowTitle) | String.IsEqual(Window(Home).Property(LatestEpisode.5.ShowTitle),ListItem.TvShowTitle) | String.IsEqual(Window(Home).Property(LatestEpisode.6.ShowTitle),ListItem.TvShowTitle) | String.IsEqual(Window(Home).Property(LatestEpisode.7.ShowTitle),ListItem.TvShowTitle) | String.IsEqual(Window(Home).Property(LatestEpisode.8.ShowTitle),ListItem.TvShowTitle) | String.IsEqual(Window(Home).Property(LatestEpisode.9.ShowTitle),ListItem.TvShowTitle) | String.IsEqual(Window(Home).Property(LatestEpisode.10.ShowTitle),ListItem.TvShowTitle)]] | [Container.Content(episodes) + [String.IsEqual(Window(Home).Property(LatestEpisode.1.EpisodeTitle),ListItem.Title) | String.IsEqual(Window(Home).Property(LatestEpisode.2.EpisodeTitle),ListItem.Title) | String.IsEqual(Window(Home).Property(LatestEpisode.3.EpisodeTitle),ListItem.Title) | String.IsEqual(Window(Home).Property(LatestEpisode.4.EpisodeTitle),ListItem.Title) | String.IsEqual(Window(Home).Property(LatestEpisode.5.EpisodeTitle),ListItem.Title) | String.IsEqual(Window(Home).Property(LatestEpisode.6.EpisodeTitle),ListItem.Title) | String.IsEqual(Window(Home).Property(LatestEpisode.7.EpisodeTitle),ListItem.Title) | String.IsEqual(Window(Home).Property(LatestEpisode.8.EpisodeTitle),ListItem.Title) | String.IsEqual(Window(Home).Property(LatestEpisode.9.EpisodeTitle),ListItem.Title) | String.IsEqual(Window(Home).Property(LatestEpisode.10.EpisodeTitle),ListItem.Title)]]]]">$VAR[ColorHighlight]</value>
		<value>$VAR[ColorHighlight]</value>
	</variable>
	
	<variable name="PercentWatchedNeuLabel">
        <!--<value condition="ListItem.IsPlaying">indicator/play.png</value>-->
        <value condition="ListItem.IsResumable">Paused</value>
        <value condition="String.IsEqual(ListItem.Overlay,OverlayWatched.png)">Watched</value>
        <value condition="[String.Contains(ListItem.Overlay,OverlayUnwatched.png) + [[Container.Content(movies) + [String.IsEqual(Window(Home).Property(LatestMovie.1.Title),ListItem.Label) | String.IsEqual(Window(Home).Property(LatestMovie.2.Title),ListItem.Label) | String.IsEqual(Window(Home).Property(LatestMovie.3.Title),ListItem.Label) | String.IsEqual(Window(Home).Property(LatestMovie.4.Title),ListItem.Label) | String.IsEqual(Window(Home).Property(LatestMovie.5.Title),ListItem.Label) | String.IsEqual(Window(Home).Property(LatestMovie.6.Title),ListItem.Label) | String.IsEqual(Window(Home).Property(LatestMovie.7.Title),ListItem.Label) | String.IsEqual(Window(Home).Property(LatestMovie.8.Title),ListItem.Label) | String.IsEqual(Window(Home).Property(LatestMovie.9.Title),ListItem.Label) | String.IsEqual(Window(Home).Property(LatestMovie.10.Title),ListItem.Label)]] | [[Container.Content(tvshows)] + [String.IsEqual(Window(Home).Property(LatestEpisode.1.ShowTitle),ListItem.TvShowTitle) | String.IsEqual(Window(Home).Property(LatestEpisode.2.ShowTitle),ListItem.TvShowTitle) | String.IsEqual(Window(Home).Property(LatestEpisode.3.ShowTitle),ListItem.TvShowTitle) | String.IsEqual(Window(Home).Property(LatestEpisode.4.ShowTitle),ListItem.TvShowTitle) | String.IsEqual(Window(Home).Property(LatestEpisode.5.ShowTitle),ListItem.TvShowTitle) | String.IsEqual(Window(Home).Property(LatestEpisode.6.ShowTitle),ListItem.TvShowTitle) | String.IsEqual(Window(Home).Property(LatestEpisode.7.ShowTitle),ListItem.TvShowTitle) | String.IsEqual(Window(Home).Property(LatestEpisode.8.ShowTitle),ListItem.TvShowTitle) | String.IsEqual(Window(Home).Property(LatestEpisode.9.ShowTitle),ListItem.TvShowTitle) | String.IsEqual(Window(Home).Property(LatestEpisode.10.ShowTitle),ListItem.TvShowTitle)]] | [Container.Content(episodes) + [String.IsEqual(Window(Home).Property(LatestEpisode.1.EpisodeTitle),ListItem.Title) | String.IsEqual(Window(Home).Property(LatestEpisode.2.EpisodeTitle),ListItem.Title) | String.IsEqual(Window(Home).Property(LatestEpisode.3.EpisodeTitle),ListItem.Title) | String.IsEqual(Window(Home).Property(LatestEpisode.4.EpisodeTitle),ListItem.Title) | String.IsEqual(Window(Home).Property(LatestEpisode.5.EpisodeTitle),ListItem.Title) | String.IsEqual(Window(Home).Property(LatestEpisode.6.EpisodeTitle),ListItem.Title) | String.IsEqual(Window(Home).Property(LatestEpisode.7.EpisodeTitle),ListItem.Title) | String.IsEqual(Window(Home).Property(LatestEpisode.8.EpisodeTitle),ListItem.Title) | String.IsEqual(Window(Home).Property(LatestEpisode.9.EpisodeTitle),ListItem.Title) | String.IsEqual(Window(Home).Property(LatestEpisode.10.EpisodeTitle),ListItem.Title)]]]]">New!</value>
        <!--<value condition="String.IsEqual(ListItem.Overlay,OverlayUnwatched.png)">indicator/unwatched.png</value>-->
    </variable>
		
    <variable name="PosterPercentWatched">
        <value condition="!Skin.HasSetting(indicators.resume) + ListItem.IsResumable">indicator/poster-inprogress.png</value>
        <value condition="!Skin.HasSetting(indicators.watched) + String.IsEqual(ListItem.Overlay,OverlayWatched.png)">indicator/poster-checkmark.png</value>
        <value condition="!Skin.HasSetting(indicators.new) + [String.Contains(ListItem.Overlay,OverlayUnwatched.png) + [[Container.Content(movies) + [String.IsEqual(Window(Home).Property(LatestMovie.1.Title),ListItem.Label) | String.IsEqual(Window(Home).Property(LatestMovie.2.Title),ListItem.Label) | String.IsEqual(Window(Home).Property(LatestMovie.3.Title),ListItem.Label) | String.IsEqual(Window(Home).Property(LatestMovie.4.Title),ListItem.Label) | String.IsEqual(Window(Home).Property(LatestMovie.5.Title),ListItem.Label) | String.IsEqual(Window(Home).Property(LatestMovie.6.Title),ListItem.Label) | String.IsEqual(Window(Home).Property(LatestMovie.7.Title),ListItem.Label) | String.IsEqual(Window(Home).Property(LatestMovie.8.Title),ListItem.Label) | String.IsEqual(Window(Home).Property(LatestMovie.9.Title),ListItem.Label) | String.IsEqual(Window(Home).Property(LatestMovie.10.Title),ListItem.Label)]] | [[Container.Content(tvshows)] + [String.IsEqual(Window(Home).Property(LatestEpisode.1.ShowTitle),ListItem.TvShowTitle) | String.IsEqual(Window(Home).Property(LatestEpisode.2.ShowTitle),ListItem.TvShowTitle) | String.IsEqual(Window(Home).Property(LatestEpisode.3.ShowTitle),ListItem.TvShowTitle) | String.IsEqual(Window(Home).Property(LatestEpisode.4.ShowTitle),ListItem.TvShowTitle) | String.IsEqual(Window(Home).Property(LatestEpisode.5.ShowTitle),ListItem.TvShowTitle) | String.IsEqual(Window(Home).Property(LatestEpisode.6.ShowTitle),ListItem.TvShowTitle) | String.IsEqual(Window(Home).Property(LatestEpisode.7.ShowTitle),ListItem.TvShowTitle) | String.IsEqual(Window(Home).Property(LatestEpisode.8.ShowTitle),ListItem.TvShowTitle) | String.IsEqual(Window(Home).Property(LatestEpisode.9.ShowTitle),ListItem.TvShowTitle) | String.IsEqual(Window(Home).Property(LatestEpisode.10.ShowTitle),ListItem.TvShowTitle)]] | [Container.Content(episodes) + [String.IsEqual(Window(Home).Property(LatestEpisode.1.EpisodeTitle),ListItem.Title) | String.IsEqual(Window(Home).Property(LatestEpisode.2.EpisodeTitle),ListItem.Title) | String.IsEqual(Window(Home).Property(LatestEpisode.3.EpisodeTitle),ListItem.Title) | String.IsEqual(Window(Home).Property(LatestEpisode.4.EpisodeTitle),ListItem.Title) | String.IsEqual(Window(Home).Property(LatestEpisode.5.EpisodeTitle),ListItem.Title) | String.IsEqual(Window(Home).Property(LatestEpisode.6.EpisodeTitle),ListItem.Title) | String.IsEqual(Window(Home).Property(LatestEpisode.7.EpisodeTitle),ListItem.Title) | String.IsEqual(Window(Home).Property(LatestEpisode.8.EpisodeTitle),ListItem.Title) | String.IsEqual(Window(Home).Property(LatestEpisode.9.EpisodeTitle),ListItem.Title) | String.IsEqual(Window(Home).Property(LatestEpisode.10.EpisodeTitle),ListItem.Title)]]]]">indicator/poster-new.png</value>
        <value condition="Skin.HasSetting(indicators.unwatched) + String.IsEqual(ListItem.Overlay,OverlayUnwatched.png)">indicator/poster-unwatched.png</value>
    </variable>
	
	 <variable name="PosterPercentWatchedTest">
        <value condition="!Skin.HasSetting(indicators.resume) + ListItem.IsResumable">indicator/poster-inprogress2.png</value>
        <value condition="!Skin.HasSetting(indicators.watched) + String.IsEqual(ListItem.Overlay,OverlayWatched.png)">indicator/poster-checkmark2.png</value>
        <value condition="!Skin.HasSetting(indicators.new) + [String.Contains(ListItem.Overlay,OverlayUnwatched.png) + [[Container.Content(movies) + [String.IsEqual(Window(Home).Property(LatestMovie.1.Title),ListItem.Label) | String.IsEqual(Window(Home).Property(LatestMovie.2.Title),ListItem.Label) | String.IsEqual(Window(Home).Property(LatestMovie.3.Title),ListItem.Label) | String.IsEqual(Window(Home).Property(LatestMovie.4.Title),ListItem.Label) | String.IsEqual(Window(Home).Property(LatestMovie.5.Title),ListItem.Label) | String.IsEqual(Window(Home).Property(LatestMovie.6.Title),ListItem.Label) | String.IsEqual(Window(Home).Property(LatestMovie.7.Title),ListItem.Label) | String.IsEqual(Window(Home).Property(LatestMovie.8.Title),ListItem.Label) | String.IsEqual(Window(Home).Property(LatestMovie.9.Title),ListItem.Label) | String.IsEqual(Window(Home).Property(LatestMovie.10.Title),ListItem.Label)]] | [[Container.Content(tvshows)] + [String.IsEqual(Window(Home).Property(LatestEpisode.1.ShowTitle),ListItem.TvShowTitle) | String.IsEqual(Window(Home).Property(LatestEpisode.2.ShowTitle),ListItem.TvShowTitle) | String.IsEqual(Window(Home).Property(LatestEpisode.3.ShowTitle),ListItem.TvShowTitle) | String.IsEqual(Window(Home).Property(LatestEpisode.4.ShowTitle),ListItem.TvShowTitle) | String.IsEqual(Window(Home).Property(LatestEpisode.5.ShowTitle),ListItem.TvShowTitle) | String.IsEqual(Window(Home).Property(LatestEpisode.6.ShowTitle),ListItem.TvShowTitle) | String.IsEqual(Window(Home).Property(LatestEpisode.7.ShowTitle),ListItem.TvShowTitle) | String.IsEqual(Window(Home).Property(LatestEpisode.8.ShowTitle),ListItem.TvShowTitle) | String.IsEqual(Window(Home).Property(LatestEpisode.9.ShowTitle),ListItem.TvShowTitle) | String.IsEqual(Window(Home).Property(LatestEpisode.10.ShowTitle),ListItem.TvShowTitle)]] | [Container.Content(episodes) + [String.IsEqual(Window(Home).Property(LatestEpisode.1.EpisodeTitle),ListItem.Title) | String.IsEqual(Window(Home).Property(LatestEpisode.2.EpisodeTitle),ListItem.Title) | String.IsEqual(Window(Home).Property(LatestEpisode.3.EpisodeTitle),ListItem.Title) | String.IsEqual(Window(Home).Property(LatestEpisode.4.EpisodeTitle),ListItem.Title) | String.IsEqual(Window(Home).Property(LatestEpisode.5.EpisodeTitle),ListItem.Title) | String.IsEqual(Window(Home).Property(LatestEpisode.6.EpisodeTitle),ListItem.Title) | String.IsEqual(Window(Home).Property(LatestEpisode.7.EpisodeTitle),ListItem.Title) | String.IsEqual(Window(Home).Property(LatestEpisode.8.EpisodeTitle),ListItem.Title) | String.IsEqual(Window(Home).Property(LatestEpisode.9.EpisodeTitle),ListItem.Title) | String.IsEqual(Window(Home).Property(LatestEpisode.10.EpisodeTitle),ListItem.Title)]]]]">indicator/poster-new2.png</value>
        <value condition="Skin.HasSetting(indicators.unwatched) + String.IsEqual(ListItem.Overlay,OverlayUnwatched.png)">indicator/poster-unwatched2.png</value>
    </variable>
	
	
	
	 <variable name="PosterPercentWatchedBackingTest">
        <value condition="!Skin.HasSetting(indicators.resume) + ListItem.IsResumable">backg/OverlayWatched.png</value>
        <value condition="!Skin.HasSetting(indicators.watched) + String.IsEqual(ListItem.Overlay,OverlayWatched.png)">backg/OverlayWatched.png</value>
        <value condition="!Skin.HasSetting(indicators.new) + [String.Contains(ListItem.Overlay,OverlayUnwatched.png) + [[Container.Content(movies) + [String.IsEqual(Window(Home).Property(LatestMovie.1.Title),ListItem.Label) | String.IsEqual(Window(Home).Property(LatestMovie.2.Title),ListItem.Label) | String.IsEqual(Window(Home).Property(LatestMovie.3.Title),ListItem.Label) | String.IsEqual(Window(Home).Property(LatestMovie.4.Title),ListItem.Label) | String.IsEqual(Window(Home).Property(LatestMovie.5.Title),ListItem.Label) | String.IsEqual(Window(Home).Property(LatestMovie.6.Title),ListItem.Label) | String.IsEqual(Window(Home).Property(LatestMovie.7.Title),ListItem.Label) | String.IsEqual(Window(Home).Property(LatestMovie.8.Title),ListItem.Label) | String.IsEqual(Window(Home).Property(LatestMovie.9.Title),ListItem.Label) | String.IsEqual(Window(Home).Property(LatestMovie.10.Title),ListItem.Label)]] | [[Container.Content(tvshows)] + [String.IsEqual(Window(Home).Property(LatestEpisode.1.ShowTitle),ListItem.TvShowTitle) | String.IsEqual(Window(Home).Property(LatestEpisode.2.ShowTitle),ListItem.TvShowTitle) | String.IsEqual(Window(Home).Property(LatestEpisode.3.ShowTitle),ListItem.TvShowTitle) | String.IsEqual(Window(Home).Property(LatestEpisode.4.ShowTitle),ListItem.TvShowTitle) | String.IsEqual(Window(Home).Property(LatestEpisode.5.ShowTitle),ListItem.TvShowTitle) | String.IsEqual(Window(Home).Property(LatestEpisode.6.ShowTitle),ListItem.TvShowTitle) | String.IsEqual(Window(Home).Property(LatestEpisode.7.ShowTitle),ListItem.TvShowTitle) | String.IsEqual(Window(Home).Property(LatestEpisode.8.ShowTitle),ListItem.TvShowTitle) | String.IsEqual(Window(Home).Property(LatestEpisode.9.ShowTitle),ListItem.TvShowTitle) | String.IsEqual(Window(Home).Property(LatestEpisode.10.ShowTitle),ListItem.TvShowTitle)]] | [Container.Content(episodes) + [String.IsEqual(Window(Home).Property(LatestEpisode.1.EpisodeTitle),ListItem.Title) | String.IsEqual(Window(Home).Property(LatestEpisode.2.EpisodeTitle),ListItem.Title) | String.IsEqual(Window(Home).Property(LatestEpisode.3.EpisodeTitle),ListItem.Title) | String.IsEqual(Window(Home).Property(LatestEpisode.4.EpisodeTitle),ListItem.Title) | String.IsEqual(Window(Home).Property(LatestEpisode.5.EpisodeTitle),ListItem.Title) | String.IsEqual(Window(Home).Property(LatestEpisode.6.EpisodeTitle),ListItem.Title) | String.IsEqual(Window(Home).Property(LatestEpisode.7.EpisodeTitle),ListItem.Title) | String.IsEqual(Window(Home).Property(LatestEpisode.8.EpisodeTitle),ListItem.Title) | String.IsEqual(Window(Home).Property(LatestEpisode.9.EpisodeTitle),ListItem.Title) | String.IsEqual(Window(Home).Property(LatestEpisode.10.EpisodeTitle),ListItem.Title)]]]]">backg/OverlayWatched.png</value>
        <value condition="Skin.HasSetting(indicators.unwatched) + String.IsEqual(ListItem.Overlay,OverlayUnwatched.png)">backg/OverlayWatched.png</value>
    </variable>
	
	
    <variable name="PosterPercentWatchedBacking">
        <value condition="!Skin.HasSetting(indicators.resume) + ListItem.IsResumable">indicator/backing.png</value>
        <value condition="!Skin.HasSetting(indicators.watched) + String.IsEqual(ListItem.Overlay,OverlayWatched.png)">indicator/backing.png</value>
        <value condition="!Skin.HasSetting(indicators.new) + [String.Contains(ListItem.Overlay,OverlayUnwatched.png) + [[Container.Content(movies) + [String.IsEqual(Window(Home).Property(LatestMovie.1.Title),ListItem.Label) | String.IsEqual(Window(Home).Property(LatestMovie.2.Title),ListItem.Label) | String.IsEqual(Window(Home).Property(LatestMovie.3.Title),ListItem.Label) | String.IsEqual(Window(Home).Property(LatestMovie.4.Title),ListItem.Label) | String.IsEqual(Window(Home).Property(LatestMovie.5.Title),ListItem.Label) | String.IsEqual(Window(Home).Property(LatestMovie.6.Title),ListItem.Label) | String.IsEqual(Window(Home).Property(LatestMovie.7.Title),ListItem.Label) | String.IsEqual(Window(Home).Property(LatestMovie.8.Title),ListItem.Label) | String.IsEqual(Window(Home).Property(LatestMovie.9.Title),ListItem.Label) | String.IsEqual(Window(Home).Property(LatestMovie.10.Title),ListItem.Label)]] | [[Container.Content(tvshows)] + [String.IsEqual(Window(Home).Property(LatestEpisode.1.ShowTitle),ListItem.TvShowTitle) | String.IsEqual(Window(Home).Property(LatestEpisode.2.ShowTitle),ListItem.TvShowTitle) | String.IsEqual(Window(Home).Property(LatestEpisode.3.ShowTitle),ListItem.TvShowTitle) | String.IsEqual(Window(Home).Property(LatestEpisode.4.ShowTitle),ListItem.TvShowTitle) | String.IsEqual(Window(Home).Property(LatestEpisode.5.ShowTitle),ListItem.TvShowTitle) | String.IsEqual(Window(Home).Property(LatestEpisode.6.ShowTitle),ListItem.TvShowTitle) | String.IsEqual(Window(Home).Property(LatestEpisode.7.ShowTitle),ListItem.TvShowTitle) | String.IsEqual(Window(Home).Property(LatestEpisode.8.ShowTitle),ListItem.TvShowTitle) | String.IsEqual(Window(Home).Property(LatestEpisode.9.ShowTitle),ListItem.TvShowTitle) | String.IsEqual(Window(Home).Property(LatestEpisode.10.ShowTitle),ListItem.TvShowTitle)]] | [Container.Content(episodes) + [String.IsEqual(Window(Home).Property(LatestEpisode.1.EpisodeTitle),ListItem.Title) | String.IsEqual(Window(Home).Property(LatestEpisode.2.EpisodeTitle),ListItem.Title) | String.IsEqual(Window(Home).Property(LatestEpisode.3.EpisodeTitle),ListItem.Title) | String.IsEqual(Window(Home).Property(LatestEpisode.4.EpisodeTitle),ListItem.Title) | String.IsEqual(Window(Home).Property(LatestEpisode.5.EpisodeTitle),ListItem.Title) | String.IsEqual(Window(Home).Property(LatestEpisode.6.EpisodeTitle),ListItem.Title) | String.IsEqual(Window(Home).Property(LatestEpisode.7.EpisodeTitle),ListItem.Title) | String.IsEqual(Window(Home).Property(LatestEpisode.8.EpisodeTitle),ListItem.Title) | String.IsEqual(Window(Home).Property(LatestEpisode.9.EpisodeTitle),ListItem.Title) | String.IsEqual(Window(Home).Property(LatestEpisode.10.EpisodeTitle),ListItem.Title)]]]]">indicator/backing.png</value>
        <value condition="Skin.HasSetting(indicators.unwatched) + String.IsEqual(ListItem.Overlay,OverlayUnwatched.png)">indicator/backing.png</value>
    </variable>
    <variable name="PercentWatched9500">
        <value condition="[String.Contains(Container(9500).ListItem.Overlay,OverlayUnwatched.png) + [[Container.Content(movies) + [String.IsEqual(Window(Home).Property(LatestMovie.1.Title),Container(9500).ListItem.Label) | String.IsEqual(Window(Home).Property(LatestMovie.2.Title),Container(9500).ListItem.Label) | String.IsEqual(Window(Home).Property(LatestMovie.3.Title),Container(9500).ListItem.Label) | String.IsEqual(Window(Home).Property(LatestMovie.4.Title),Container(9500).ListItem.Label) | String.IsEqual(Window(Home).Property(LatestMovie.5.Title),Container(9500).ListItem.Label) | String.IsEqual(Window(Home).Property(LatestMovie.6.Title),Container(9500).ListItem.Label) | String.IsEqual(Window(Home).Property(LatestMovie.7.Title),Container(9500).ListItem.Label) | String.IsEqual(Window(Home).Property(LatestMovie.8.Title),Container(9500).ListItem.Label) | String.IsEqual(Window(Home).Property(LatestMovie.9.Title),Container(9500).ListItem.Label) | String.IsEqual(Window(Home).Property(LatestMovie.10.Title),Container(9500).ListItem.Label)]] | [[Container.Content(tvshows)] + [String.IsEqual(Window(Home).Property(LatestEpisode.1.ShowTitle),Container(9500).ListItem.TvShowTitle) | String.IsEqual(Window(Home).Property(LatestEpisode.2.ShowTitle),Container(9500).ListItem.TvShowTitle) | String.IsEqual(Window(Home).Property(LatestEpisode.3.ShowTitle),Container(9500).ListItem.TvShowTitle) | String.IsEqual(Window(Home).Property(LatestEpisode.4.ShowTitle),Container(9500).ListItem.TvShowTitle) | String.IsEqual(Window(Home).Property(LatestEpisode.5.ShowTitle),Container(9500).ListItem.TvShowTitle) | String.IsEqual(Window(Home).Property(LatestEpisode.6.ShowTitle),Container(9500).ListItem.TvShowTitle) | String.IsEqual(Window(Home).Property(LatestEpisode.7.ShowTitle),Container(9500).ListItem.TvShowTitle) | String.IsEqual(Window(Home).Property(LatestEpisode.8.ShowTitle),Container(9500).ListItem.TvShowTitle) | String.IsEqual(Window(Home).Property(LatestEpisode.9.ShowTitle),Container(9500).ListItem.TvShowTitle) | String.IsEqual(Window(Home).Property(LatestEpisode.10.ShowTitle),Container(9500).ListItem.TvShowTitle)]] | [Container.Content(episodes) + [String.IsEqual(Window(Home).Property(LatestEpisode.1.EpisodeTitle),Container(9500).ListItem.Title) | String.IsEqual(Window(Home).Property(LatestEpisode.2.EpisodeTitle),Container(9500).ListItem.Title) | String.IsEqual(Window(Home).Property(LatestEpisode.3.EpisodeTitle),Container(9500).ListItem.Title) | String.IsEqual(Window(Home).Property(LatestEpisode.4.EpisodeTitle),Container(9500).ListItem.Title) | String.IsEqual(Window(Home).Property(LatestEpisode.5.EpisodeTitle),Container(9500).ListItem.Title) | String.IsEqual(Window(Home).Property(LatestEpisode.6.EpisodeTitle),Container(9500).ListItem.Title) | String.IsEqual(Window(Home).Property(LatestEpisode.7.EpisodeTitle),Container(9500).ListItem.Title) | String.IsEqual(Window(Home).Property(LatestEpisode.8.EpisodeTitle),Container(9500).ListItem.Title) | String.IsEqual(Window(Home).Property(LatestEpisode.9.EpisodeTitle),Container(9500).ListItem.Title) | String.IsEqual(Window(Home).Property(LatestEpisode.10.EpisodeTitle),Container(9500).ListItem.Title)]]]]">indicator/new.png</value>
        <value condition="Container(9500).ListItem.IsResumable">indicator/inprogress.png</value>
        <value condition="String.IsEqual(Container(9500).ListItem.Overlay,OverlayWatched.png)">indicator/checkmark.png</value>
        <value condition="String.IsEqual(Container(9500).ListItem.Overlay,OverlayUnwatched.png)">indicator/unwatched.png</value>
    </variable>
    <variable name="PercentWatchedN3">
        <value condition="ListItem(-3).IsPlaying">indicator/play.png</value>
        <value condition="ListItem(-3).IsResumable">indicator/inprogress.png</value>
        <value condition="String.IsEqual(ListItem(-3).Overlay,OverlayWatched.png)">indicator/checkmark.png</value>
        <value condition="[String.Contains(ListItem(-3).Overlay,OverlayUnwatched.png) + [[Container.Content(movies) + [String.IsEqual(Window(Home).Property(LatestMovie.1.Title),ListItem(-3).Label) | String.IsEqual(Window(Home).Property(LatestMovie.2.Title),ListItem(-3).Label) | String.IsEqual(Window(Home).Property(LatestMovie.3.Title),ListItem(-3).Label) | String.IsEqual(Window(Home).Property(LatestMovie.4.Title),ListItem(-3).Label) | String.IsEqual(Window(Home).Property(LatestMovie.5.Title),ListItem(-3).Label) | String.IsEqual(Window(Home).Property(LatestMovie.6.Title),ListItem(-3).Label) | String.IsEqual(Window(Home).Property(LatestMovie.7.Title),ListItem(-3).Label) | String.IsEqual(Window(Home).Property(LatestMovie.8.Title),ListItem(-3).Label) | String.IsEqual(Window(Home).Property(LatestMovie.9.Title),ListItem(-3).Label) | String.IsEqual(Window(Home).Property(LatestMovie.10.Title),ListItem(-3).Label)]] | [[Container.Content(tvshows)] + [String.IsEqual(Window(Home).Property(LatestEpisode.1.ShowTitle),ListItem(-3).TvShowTitle) | String.IsEqual(Window(Home).Property(LatestEpisode.2.ShowTitle),ListItem(-3).TvShowTitle) | String.IsEqual(Window(Home).Property(LatestEpisode.3.ShowTitle),ListItem(-3).TvShowTitle) | String.IsEqual(Window(Home).Property(LatestEpisode.4.ShowTitle),ListItem(-3).TvShowTitle) | String.IsEqual(Window(Home).Property(LatestEpisode.5.ShowTitle),ListItem(-3).TvShowTitle) | String.IsEqual(Window(Home).Property(LatestEpisode.6.ShowTitle),ListItem(-3).TvShowTitle) | String.IsEqual(Window(Home).Property(LatestEpisode.7.ShowTitle),ListItem(-3).TvShowTitle) | String.IsEqual(Window(Home).Property(LatestEpisode.8.ShowTitle),ListItem(-3).TvShowTitle) | String.IsEqual(Window(Home).Property(LatestEpisode.9.ShowTitle),ListItem(-3).TvShowTitle) | String.IsEqual(Window(Home).Property(LatestEpisode.10.ShowTitle),ListItem(-3).TvShowTitle)]] | [Container.Content(episodes) + [String.IsEqual(Window(Home).Property(LatestEpisode.1.EpisodeTitle),ListItem(-3).Title) | String.IsEqual(Window(Home).Property(LatestEpisode.2.EpisodeTitle),ListItem(-3).Title) | String.IsEqual(Window(Home).Property(LatestEpisode.3.EpisodeTitle),ListItem(-3).Title) | String.IsEqual(Window(Home).Property(LatestEpisode.4.EpisodeTitle),ListItem(-3).Title) | String.IsEqual(Window(Home).Property(LatestEpisode.5.EpisodeTitle),ListItem(-3).Title) | String.IsEqual(Window(Home).Property(LatestEpisode.6.EpisodeTitle),ListItem(-3).Title) | String.IsEqual(Window(Home).Property(LatestEpisode.7.EpisodeTitle),ListItem(-3).Title) | String.IsEqual(Window(Home).Property(LatestEpisode.8.EpisodeTitle),ListItem(-3).Title) | String.IsEqual(Window(Home).Property(LatestEpisode.9.EpisodeTitle),ListItem(-3).Title) | String.IsEqual(Window(Home).Property(LatestEpisode.10.EpisodeTitle),ListItem(-3).Title)]]]]">indicator/new.png</value>
        <value condition="String.IsEqual(ListItem(-3).Overlay,OverlayUnwatched.png)">indicator/unwatched.png</value>
    </variable>
    <variable name="PercentWatchedN2">
        <value condition="ListItem(-2).IsPlaying">indicator/play.png</value>
        <value condition="ListItem(-2).IsResumable">indicator/inprogress.png</value>
        <value condition="String.IsEqual(ListItem(-2).Overlay,OverlayWatched.png)">indicator/checkmark.png</value>
        <value condition="[String.Contains(ListItem(-2).Overlay,OverlayUnwatched.png) + [[Container.Content(movies) + [String.IsEqual(Window(Home).Property(LatestMovie.1.Title),ListItem(-2).Label) | String.IsEqual(Window(Home).Property(LatestMovie.2.Title),ListItem(-2).Label) | String.IsEqual(Window(Home).Property(LatestMovie.3.Title),ListItem(-2).Label) | String.IsEqual(Window(Home).Property(LatestMovie.4.Title),ListItem(-2).Label) | String.IsEqual(Window(Home).Property(LatestMovie.5.Title),ListItem(-2).Label) | String.IsEqual(Window(Home).Property(LatestMovie.6.Title),ListItem(-2).Label) | String.IsEqual(Window(Home).Property(LatestMovie.7.Title),ListItem(-2).Label) | String.IsEqual(Window(Home).Property(LatestMovie.8.Title),ListItem(-2).Label) | String.IsEqual(Window(Home).Property(LatestMovie.9.Title),ListItem(-2).Label) | String.IsEqual(Window(Home).Property(LatestMovie.10.Title),ListItem(-2).Label)]] | [[Container.Content(tvshows)] + [String.IsEqual(Window(Home).Property(LatestEpisode.1.ShowTitle),ListItem(-2).TvShowTitle) | String.IsEqual(Window(Home).Property(LatestEpisode.2.ShowTitle),ListItem(-2).TvShowTitle) | String.IsEqual(Window(Home).Property(LatestEpisode.3.ShowTitle),ListItem(-2).TvShowTitle) | String.IsEqual(Window(Home).Property(LatestEpisode.4.ShowTitle),ListItem(-2).TvShowTitle) | String.IsEqual(Window(Home).Property(LatestEpisode.5.ShowTitle),ListItem(-2).TvShowTitle) | String.IsEqual(Window(Home).Property(LatestEpisode.6.ShowTitle),ListItem(-2).TvShowTitle) | String.IsEqual(Window(Home).Property(LatestEpisode.7.ShowTitle),ListItem(-2).TvShowTitle) | String.IsEqual(Window(Home).Property(LatestEpisode.8.ShowTitle),ListItem(-2).TvShowTitle) | String.IsEqual(Window(Home).Property(LatestEpisode.9.ShowTitle),ListItem(-2).TvShowTitle) | String.IsEqual(Window(Home).Property(LatestEpisode.10.ShowTitle),ListItem(-2).TvShowTitle)]] | [Container.Content(episodes) + [String.IsEqual(Window(Home).Property(LatestEpisode.1.EpisodeTitle),ListItem(-2).Title) | String.IsEqual(Window(Home).Property(LatestEpisode.2.EpisodeTitle),ListItem(-2).Title) | String.IsEqual(Window(Home).Property(LatestEpisode.3.EpisodeTitle),ListItem(-2).Title) | String.IsEqual(Window(Home).Property(LatestEpisode.4.EpisodeTitle),ListItem(-2).Title) | String.IsEqual(Window(Home).Property(LatestEpisode.5.EpisodeTitle),ListItem(-2).Title) | String.IsEqual(Window(Home).Property(LatestEpisode.6.EpisodeTitle),ListItem(-2).Title) | String.IsEqual(Window(Home).Property(LatestEpisode.7.EpisodeTitle),ListItem(-2).Title) | String.IsEqual(Window(Home).Property(LatestEpisode.8.EpisodeTitle),ListItem(-2).Title) | String.IsEqual(Window(Home).Property(LatestEpisode.9.EpisodeTitle),ListItem(-2).Title) | String.IsEqual(Window(Home).Property(LatestEpisode.10.EpisodeTitle),ListItem(-2).Title)]]]]">indicator/new.png</value>
        <value condition="String.IsEqual(ListItem(-2).Overlay,OverlayUnwatched.png)">indicator/unwatched.png</value>
    </variable>
    <variable name="PercentWatchedN1">
        <value condition="ListItem(-1).IsPlaying">indicator/play.png</value>
        <value condition="ListItem(-1).IsResumable">indicator/inprogress.png</value>
        <value condition="String.IsEqual(ListItem(-1).Overlay,OverlayWatched.png)">indicator/checkmark.png</value>
        <value condition="[String.Contains(ListItem(-1).Overlay,OverlayUnwatched.png) + [[Container.Content(movies) + [String.IsEqual(Window(Home).Property(LatestMovie.1.Title),ListItem(-1).Label) | String.IsEqual(Window(Home).Property(LatestMovie.2.Title),ListItem(-1).Label) | String.IsEqual(Window(Home).Property(LatestMovie.3.Title),ListItem(-1).Label) | String.IsEqual(Window(Home).Property(LatestMovie.4.Title),ListItem(-1).Label) | String.IsEqual(Window(Home).Property(LatestMovie.5.Title),ListItem(-1).Label) | String.IsEqual(Window(Home).Property(LatestMovie.6.Title),ListItem(-1).Label) | String.IsEqual(Window(Home).Property(LatestMovie.7.Title),ListItem(-1).Label) | String.IsEqual(Window(Home).Property(LatestMovie.8.Title),ListItem(-1).Label) | String.IsEqual(Window(Home).Property(LatestMovie.9.Title),ListItem(-1).Label) | String.IsEqual(Window(Home).Property(LatestMovie.10.Title),ListItem(-1).Label)]] | [[Container.Content(tvshows)] + [String.IsEqual(Window(Home).Property(LatestEpisode.1.ShowTitle),ListItem(-1).TvShowTitle) | String.IsEqual(Window(Home).Property(LatestEpisode.2.ShowTitle),ListItem(-1).TvShowTitle) | String.IsEqual(Window(Home).Property(LatestEpisode.3.ShowTitle),ListItem(-1).TvShowTitle) | String.IsEqual(Window(Home).Property(LatestEpisode.4.ShowTitle),ListItem(-1).TvShowTitle) | String.IsEqual(Window(Home).Property(LatestEpisode.5.ShowTitle),ListItem(-1).TvShowTitle) | String.IsEqual(Window(Home).Property(LatestEpisode.6.ShowTitle),ListItem(-1).TvShowTitle) | String.IsEqual(Window(Home).Property(LatestEpisode.7.ShowTitle),ListItem(-1).TvShowTitle) | String.IsEqual(Window(Home).Property(LatestEpisode.8.ShowTitle),ListItem(-1).TvShowTitle) | String.IsEqual(Window(Home).Property(LatestEpisode.9.ShowTitle),ListItem(-1).TvShowTitle) | String.IsEqual(Window(Home).Property(LatestEpisode.10.ShowTitle),ListItem(-1).TvShowTitle)]] | [Container.Content(episodes) + [String.IsEqual(Window(Home).Property(LatestEpisode.1.EpisodeTitle),ListItem(-1).Title) | String.IsEqual(Window(Home).Property(LatestEpisode.2.EpisodeTitle),ListItem(-1).Title) | String.IsEqual(Window(Home).Property(LatestEpisode.3.EpisodeTitle),ListItem(-1).Title) | String.IsEqual(Window(Home).Property(LatestEpisode.4.EpisodeTitle),ListItem(-1).Title) | String.IsEqual(Window(Home).Property(LatestEpisode.5.EpisodeTitle),ListItem(-1).Title) | String.IsEqual(Window(Home).Property(LatestEpisode.6.EpisodeTitle),ListItem(-1).Title) | String.IsEqual(Window(Home).Property(LatestEpisode.7.EpisodeTitle),ListItem(-1).Title) | String.IsEqual(Window(Home).Property(LatestEpisode.8.EpisodeTitle),ListItem(-1).Title) | String.IsEqual(Window(Home).Property(LatestEpisode.9.EpisodeTitle),ListItem(-1).Title) | String.IsEqual(Window(Home).Property(LatestEpisode.10.EpisodeTitle),ListItem(-1).Title)]]]]">indicator/new.png</value>
        <value condition="String.IsEqual(ListItem(-1).Overlay,OverlayUnwatched.png)">indicator/unwatched.png</value>
    </variable>
    <variable name="PercentWatchedP3">
        <value condition="ListItem(3).IsPlaying">indicator/play.png</value>
        <value condition="ListItem(3).IsResumable">indicator/inprogress.png</value>
        <value condition="String.IsEqual(ListItem(3).Overlay,OverlayWatched.png)">indicator/checkmark.png</value>
        <value condition="[String.Contains(ListItem(3).Overlay,OverlayUnwatched.png) + [[Container.Content(movies) + [String.IsEqual(Window(Home).Property(LatestMovie.1.Title),ListItem(3).Label) | String.IsEqual(Window(Home).Property(LatestMovie.2.Title),ListItem(3).Label) | String.IsEqual(Window(Home).Property(LatestMovie.3.Title),ListItem(3).Label) | String.IsEqual(Window(Home).Property(LatestMovie.4.Title),ListItem(3).Label) | String.IsEqual(Window(Home).Property(LatestMovie.5.Title),ListItem(3).Label) | String.IsEqual(Window(Home).Property(LatestMovie.6.Title),ListItem(3).Label) | String.IsEqual(Window(Home).Property(LatestMovie.7.Title),ListItem(3).Label) | String.IsEqual(Window(Home).Property(LatestMovie.8.Title),ListItem(3).Label) | String.IsEqual(Window(Home).Property(LatestMovie.9.Title),ListItem(3).Label) | String.IsEqual(Window(Home).Property(LatestMovie.10.Title),ListItem(3).Label)]] | [[Container.Content(tvshows)] + [String.IsEqual(Window(Home).Property(LatestEpisode.1.ShowTitle),ListItem(3).TvShowTitle) | String.IsEqual(Window(Home).Property(LatestEpisode.2.ShowTitle),ListItem(3).TvShowTitle) | String.IsEqual(Window(Home).Property(LatestEpisode.3.ShowTitle),ListItem(3).TvShowTitle) | String.IsEqual(Window(Home).Property(LatestEpisode.4.ShowTitle),ListItem(3).TvShowTitle) | String.IsEqual(Window(Home).Property(LatestEpisode.5.ShowTitle),ListItem(3).TvShowTitle) | String.IsEqual(Window(Home).Property(LatestEpisode.6.ShowTitle),ListItem(3).TvShowTitle) | String.IsEqual(Window(Home).Property(LatestEpisode.7.ShowTitle),ListItem(3).TvShowTitle) | String.IsEqual(Window(Home).Property(LatestEpisode.8.ShowTitle),ListItem(3).TvShowTitle) | String.IsEqual(Window(Home).Property(LatestEpisode.9.ShowTitle),ListItem(3).TvShowTitle) | String.IsEqual(Window(Home).Property(LatestEpisode.10.ShowTitle),ListItem(3).TvShowTitle)]] | [Container.Content(episodes) + [String.IsEqual(Window(Home).Property(LatestEpisode.1.EpisodeTitle),ListItem(3).Title) | String.IsEqual(Window(Home).Property(LatestEpisode.2.EpisodeTitle),ListItem(3).Title) | String.IsEqual(Window(Home).Property(LatestEpisode.3.EpisodeTitle),ListItem(3).Title) | String.IsEqual(Window(Home).Property(LatestEpisode.4.EpisodeTitle),ListItem(3).Title) | String.IsEqual(Window(Home).Property(LatestEpisode.5.EpisodeTitle),ListItem(3).Title) | String.IsEqual(Window(Home).Property(LatestEpisode.6.EpisodeTitle),ListItem(3).Title) | String.IsEqual(Window(Home).Property(LatestEpisode.7.EpisodeTitle),ListItem(3).Title) | String.IsEqual(Window(Home).Property(LatestEpisode.8.EpisodeTitle),ListItem(3).Title) | String.IsEqual(Window(Home).Property(LatestEpisode.9.EpisodeTitle),ListItem(3).Title) | String.IsEqual(Window(Home).Property(LatestEpisode.10.EpisodeTitle),ListItem(3).Title)]]]]">indicator/new.png</value>
        <value condition="String.IsEqual(ListItem(3).Overlay,OverlayUnwatched.png)">indicator/unwatched.png</value>
    </variable>
    <variable name="PercentWatchedP2">
        <value condition="ListItem(2).IsPlaying">indicator/play.png</value>
        <value condition="ListItem(2).IsResumable">indicator/inprogress.png</value>
        <value condition="String.IsEqual(ListItem(2).Overlay,OverlayWatched.png)">indicator/checkmark.png</value>
        <value condition="[String.Contains(ListItem(2).Overlay,OverlayUnwatched.png) + [[Container.Content(movies) + [String.IsEqual(Window(Home).Property(LatestMovie.1.Title),ListItem(2).Label) | String.IsEqual(Window(Home).Property(LatestMovie.2.Title),ListItem(2).Label) | String.IsEqual(Window(Home).Property(LatestMovie.3.Title),ListItem(2).Label) | String.IsEqual(Window(Home).Property(LatestMovie.4.Title),ListItem(2).Label) | String.IsEqual(Window(Home).Property(LatestMovie.5.Title),ListItem(2).Label) | String.IsEqual(Window(Home).Property(LatestMovie.6.Title),ListItem(2).Label) | String.IsEqual(Window(Home).Property(LatestMovie.7.Title),ListItem(2).Label) | String.IsEqual(Window(Home).Property(LatestMovie.8.Title),ListItem(2).Label) | String.IsEqual(Window(Home).Property(LatestMovie.9.Title),ListItem(2).Label) | String.IsEqual(Window(Home).Property(LatestMovie.10.Title),ListItem(2).Label)]] | [[Container.Content(tvshows)] + [String.IsEqual(Window(Home).Property(LatestEpisode.1.ShowTitle),ListItem(2).TvShowTitle) | String.IsEqual(Window(Home).Property(LatestEpisode.2.ShowTitle),ListItem(2).TvShowTitle) | String.IsEqual(Window(Home).Property(LatestEpisode.3.ShowTitle),ListItem(2).TvShowTitle) | String.IsEqual(Window(Home).Property(LatestEpisode.4.ShowTitle),ListItem(2).TvShowTitle) | String.IsEqual(Window(Home).Property(LatestEpisode.5.ShowTitle),ListItem(2).TvShowTitle) | String.IsEqual(Window(Home).Property(LatestEpisode.6.ShowTitle),ListItem(2).TvShowTitle) | String.IsEqual(Window(Home).Property(LatestEpisode.7.ShowTitle),ListItem(2).TvShowTitle) | String.IsEqual(Window(Home).Property(LatestEpisode.8.ShowTitle),ListItem(2).TvShowTitle) | String.IsEqual(Window(Home).Property(LatestEpisode.9.ShowTitle),ListItem(2).TvShowTitle) | String.IsEqual(Window(Home).Property(LatestEpisode.10.ShowTitle),ListItem(2).TvShowTitle)]] | [Container.Content(episodes) + [String.IsEqual(Window(Home).Property(LatestEpisode.1.EpisodeTitle),ListItem(2).Title) | String.IsEqual(Window(Home).Property(LatestEpisode.2.EpisodeTitle),ListItem(2).Title) | String.IsEqual(Window(Home).Property(LatestEpisode.3.EpisodeTitle),ListItem(2).Title) | String.IsEqual(Window(Home).Property(LatestEpisode.4.EpisodeTitle),ListItem(2).Title) | String.IsEqual(Window(Home).Property(LatestEpisode.5.EpisodeTitle),ListItem(2).Title) | String.IsEqual(Window(Home).Property(LatestEpisode.6.EpisodeTitle),ListItem(2).Title) | String.IsEqual(Window(Home).Property(LatestEpisode.7.EpisodeTitle),ListItem(2).Title) | String.IsEqual(Window(Home).Property(LatestEpisode.8.EpisodeTitle),ListItem(2).Title) | String.IsEqual(Window(Home).Property(LatestEpisode.9.EpisodeTitle),ListItem(2).Title) | String.IsEqual(Window(Home).Property(LatestEpisode.10.EpisodeTitle),ListItem(2).Title)]]]]">indicator/new.png</value>
        <value condition="String.IsEqual(ListItem(2).Overlay,OverlayUnwatched.png)">indicator/unwatched.png</value>
    </variable>
    <variable name="PercentWatchedP1">
        <value condition="ListItem(1).IsPlaying">indicator/play.png</value>
        <value condition="ListItem(1).IsResumable">indicator/inprogress.png</value>
        <value condition="String.IsEqual(ListItem(1).Overlay,OverlayWatched.png)">indicator/checkmark.png</value>
        <value condition="[String.Contains(ListItem(1).Overlay,OverlayUnwatched.png) + [[Container.Content(movies) + [String.IsEqual(Window(Home).Property(LatestMovie.1.Title),ListItem(1).Label) | String.IsEqual(Window(Home).Property(LatestMovie.2.Title),ListItem(1).Label) | String.IsEqual(Window(Home).Property(LatestMovie.3.Title),ListItem(1).Label) | String.IsEqual(Window(Home).Property(LatestMovie.4.Title),ListItem(1).Label) | String.IsEqual(Window(Home).Property(LatestMovie.5.Title),ListItem(1).Label) | String.IsEqual(Window(Home).Property(LatestMovie.6.Title),ListItem(1).Label) | String.IsEqual(Window(Home).Property(LatestMovie.7.Title),ListItem(1).Label) | String.IsEqual(Window(Home).Property(LatestMovie.8.Title),ListItem(1).Label) | String.IsEqual(Window(Home).Property(LatestMovie.9.Title),ListItem(1).Label) | String.IsEqual(Window(Home).Property(LatestMovie.10.Title),ListItem(1).Label)]] | [[Container.Content(tvshows)] + [String.IsEqual(Window(Home).Property(LatestEpisode.1.ShowTitle),ListItem(1).TvShowTitle) | String.IsEqual(Window(Home).Property(LatestEpisode.2.ShowTitle),ListItem(1).TvShowTitle) | String.IsEqual(Window(Home).Property(LatestEpisode.3.ShowTitle),ListItem(1).TvShowTitle) | String.IsEqual(Window(Home).Property(LatestEpisode.4.ShowTitle),ListItem(1).TvShowTitle) | String.IsEqual(Window(Home).Property(LatestEpisode.5.ShowTitle),ListItem(1).TvShowTitle) | String.IsEqual(Window(Home).Property(LatestEpisode.6.ShowTitle),ListItem(1).TvShowTitle) | String.IsEqual(Window(Home).Property(LatestEpisode.7.ShowTitle),ListItem(1).TvShowTitle) | String.IsEqual(Window(Home).Property(LatestEpisode.8.ShowTitle),ListItem(1).TvShowTitle) | String.IsEqual(Window(Home).Property(LatestEpisode.9.ShowTitle),ListItem(1).TvShowTitle) | String.IsEqual(Window(Home).Property(LatestEpisode.10.ShowTitle),ListItem(1).TvShowTitle)]] | [Container.Content(episodes) + [String.IsEqual(Window(Home).Property(LatestEpisode.1.EpisodeTitle),ListItem(1).Title) | String.IsEqual(Window(Home).Property(LatestEpisode.2.EpisodeTitle),ListItem(1).Title) | String.IsEqual(Window(Home).Property(LatestEpisode.3.EpisodeTitle),ListItem(1).Title) | String.IsEqual(Window(Home).Property(LatestEpisode.4.EpisodeTitle),ListItem(1).Title) | String.IsEqual(Window(Home).Property(LatestEpisode.5.EpisodeTitle),ListItem(1).Title) | String.IsEqual(Window(Home).Property(LatestEpisode.6.EpisodeTitle),ListItem(1).Title) | String.IsEqual(Window(Home).Property(LatestEpisode.7.EpisodeTitle),ListItem(1).Title) | String.IsEqual(Window(Home).Property(LatestEpisode.8.EpisodeTitle),ListItem(1).Title) | String.IsEqual(Window(Home).Property(LatestEpisode.9.EpisodeTitle),ListItem(1).Title) | String.IsEqual(Window(Home).Property(LatestEpisode.10.EpisodeTitle),ListItem(1).Title)]]]]">indicator/new.png</value>
        <value condition="String.IsEqual(ListItem(1).Overlay,OverlayUnwatched.png)">indicator/unwatched.png</value>
    </variable>
    <variable name="PosterImage">
		<value condition="!String.IsEmpty(ListItem.Art(season.poster)) + Container.Content(seasons)">$INFO[ListItem.Art(season.poster)]</value>
        <value condition="Container.Content(seasons)">$INFO[ListItem.Icon]</value>
        <value condition="!String.IsEmpty(ListItem.Art(tvshow.poster))">$INFO[ListItem.Art(tvshow.poster)]</value>
		<value condition="!String.IsEmpty(ListItem.Art(animatedposter)) + Skin.HasSetting(furniture.animatedposters">$INFO[ListItem.Art(animatedposter)]</value>
        <value condition="!String.IsEmpty(ListItem.Art(poster))">$INFO[ListItem.Art(poster)]</value>
        <value>$INFO[ListItem.Icon]</value>
    </variable>
	
	<!--<variable name="PosterImage22">
		<value condition="!String.IsEmpty(ListItem.Art(season.poster))">$INFO[ListItem.Art(season.poster)]</value>
		<value condition="Container.Content(seasons)">$INFO[ListItem.Icon]</value>
		<value condition="!String.IsEmpty(ListItem.Art(tvshow.poster))">$INFO[ListItem.Art(tvshow.poster)]</value>
		<value condition="!String.IsEmpty(ListItem.Art(poster))">$INFO[ListItem.Art(poster)]</value>
		<value condition="Container.Content(genres) + Window.IsVisible(MyVideoNav.xml)">resource://resource.images.moviegenreicons.coloured/$INFO[Listitem.Label,,.jpg]</value>
		<value condition="Container.Content(genres) + Window.IsVisible(MyMusicNav.xml)">resource://resource.images.musicgenreicons.text/$INFO[Listitem.Label,,.jpg]</value>
		<value condition="!String.IsEmpty(ListItem.Art(thumb))">$INFO[ListItem.Art(thumb)]</value>
		<value condition="!String.IsEmpty(Container.Art(artist.thumb))">$INFO[Container.Art(artist.thumb)]</value>
		<value condition="!String.IsEmpty(Container.Art(artist.fanart))">$INFO[Container.Art(artist.fanart)]</value>
		<value condition="String.IsEmpty(ListItem.Icon) | String.Contains(ListItem.Icon,Default,left) + String.Contains(ListItem.Icon,.png,right)">http://localhost:52307/getthumb&amp;title=$INFO[Listitem.Label]</value>
		<value>$INFO[ListItem.Icon]</value>
	</variable>-->
	
	<variable name="PosterImage22">
		<value condition="!String.IsEmpty(ListItem.Art(season.poster))">$INFO[ListItem.Art(season.poster)]</value>
		<value condition="Container.Content(seasons)">$INFO[ListItem.Icon]</value>
        <value condition="!String.IsEmpty(ListItem.Art(tvshow.poster))">$INFO[ListItem.Art(tvshow.poster)]</value>
        <value condition="!String.IsEmpty(ListItem.Art(poster))">$INFO[ListItem.Art(poster)]</value>
        <value>$INFO[ListItem.Icon]</value>
	</variable>	
	<variable name="Image_HDSD">
        <value condition="String.IsEqual(ListItem.VideoResolution,4K) | Integer.IsEqual(ListItem.VideoResolution,2160)">flags/4k.png</value>
        <value condition="Integer.IsGreater(ListItem.VideoResolution,719)">flags/hd.png</value>
        <value condition="!String.IsEmpty(ListItem.VideoResolution)">flags/sd.png</value>
        <value condition="ListItem.IsCollection">flags/sets.png</value>
        <value>flags/web.png</value>
    </variable>	
    <variable name="WidgetImage">
        <value condition="!String.IsEmpty(Container(301).ListItem.Art(tvshow.poster))">$INFO[Container(301).ListItem.Art(tvshow.poster)]</value>
        <value condition="!String.IsEmpty(Container(301).ListItem.Art(poster))">$INFO[Container(301).ListItem.Art(poster)]</value>
        <value>$INFO[Container(301).ListItem.Icon]</value>
    </variable>	
	<variable name="ClearLogoHome">
		<value condition="!String.IsEmpty(Container(301).ListItem.Art(tvshow.poster))">$INFO[Container(301).ListItem.Art(tvshow.clearlogo)]</value>
        <value condition="!String.IsEmpty(Container(301).ListItem.Art(poster))">$INFO[Container(301).ListItem.Art(clearlogo)]</value>
        <value>$INFO[Container(301).ListItem.clearlogo]</value>
    </variable>	
    <variable name="ThumbImage">
        <value condition="Window.IsVisible(MyVideoNav.xml) + [Container.Content(movies) | Container.Content(tvshows)] + Control.IsVisible(514)">$VAR[FanartImageFanart]</value>
        <value condition="Window.IsVisible(MyVideoNav.xml) + Container.Content(movies) | Container.Content(tvshows) | Container.Content(seasons) | Container.Content(episodes) | Container.Content(sets)">$VAR[FanartImage]</value>
        <value>$INFO[ListItem.Icon]</value>
    </variable>
	<variable name="ThumbImageGenres">
		<value condition="Container.Content(genres) + Window.IsVisible(MyVideoNav.xml) + !String.IsEmpty(Skin.String(genre.icons.path)) + String.IsEqual(Skin.String(genre.icons.ext),.jpg)">$INFO[Skin.String(genre.icons.path)]$INFO[ListItem.Label,,.jpg]</value>
        <value condition="Container.Content(genres) + Window.IsVisible(MyVideoNav.xml) + !String.IsEmpty(Skin.String(genre.icons.path)) + String.IsEqual(Skin.String(genre.icons.ext),.png)">$INFO[Skin.String(genre.icons.path)]$INFO[ListItem.Label,,.png]</value>
        <value condition="Container.Content(genres) + Window.IsVisible(MyMusicNav.xml) + !String.IsEmpty(Skin.String(genre.music.path)) + String.IsEqual(Skin.String(genre.music.ext),.jpg)">$INFO[Skin.String(genre.music.path)]$INFO[ListItem.Label,,.jpg]</value>
        <value>DefaultFolder.png</value>
    </variable>
	<variable name="ThumbImageStudios">
		<value condition="Container.Content(studios) + Window.IsVisible(MyVideoNav.xml) + !String.IsEmpty(Skin.String(studio.logos.path))">$INFO[Skin.String(studio.logos.path),,/]$INFO[ListItem.Label,,.png]</value>
        <value condition="Container.Content(studios) + Window.IsVisible(MyMusicNav.xml) + !String.IsEmpty(Skin.String(record.labels.path))">$INFO[Skin.String(record.labels.path),,/]$INFO[ListItem.Label,,.png]</value>	      
    </variable>
	<variable name="ThumbImageStudiosDialogInfo">
		<value condition="!String.IsEmpty(Skin.String(studio.logos.path)) + Window.IsVisible(Custom_MovieSets.xml)">$INFO[Skin.String(studio.logos.path),,/]$INFO[Window(Home).Property(SkinHelper.ListItem.Studio),,.png]</value>		
		<value condition="!String.IsEmpty(Skin.String(studio.logos.path)) + !Window.IsVisible(Custom_MovieSets.xml)">$INFO[Skin.String(studio.logos.path),,/]$INFO[ListItem.Studio,,.png]</value>
        <value condition="!String.IsEmpty(Skin.String(record.labels.path))">$INFO[Skin.String(record.labels.path),,/]$INFO[ListItem.Studio,,.png]</value>       
    </variable>
	<variable name="ThumbImageRecordLabelDialogInfo">
        <value condition="!String.IsEmpty(Skin.String(recordlabel.logos.path))">$INFO[Skin.String(recordlabel.logos.path),,/]$INFO[ListItem.Property(Album_Label),,.png]</value>       
    </variable>
    <variable name="PlayerPoster">
        <value condition="!String.IsEmpty(Player.Art(tvshow.poster))">$INFO[Player.Art(tvshow.poster)]</value>
        <value condition="!String.IsEmpty(Player.Art(poster))">$INFO[Player.Art(poster)]</value>
        <value>$INFO[Player.Art(thumb)]</value>
    </variable>
    <variable name="BannerImage">    
        <value condition="!String.IsEmpty(ListItem.Art(banner))">$INFO[ListItem.Art(banner)]</value>
		<value condition="!String.IsEmpty(ListItem.Art(tvshow.banner))">$INFO[ListItem.Art(tvshow.banner)]</value>
        <value condition="!String.IsEmpty(ListItem.Art(fanart))">$INFO[ListItem.Art(fanart)]</value>
        <value condition="!String.IsEmpty(ListItem.Thumb)">$INFO[ListItem.Thumb]</value>
        <value>$INFO[ListItem.Icon]</value>
    </variable>
    <variable name="BannerImage301">    
        <value condition="!String.IsEmpty(Container(301).ListItem.Art(banner))">$INFO[Container(301).ListItem.Art(banner)]</value>
		<value condition="!String.IsEmpty(Container(301).ListItem.Art(tvshow.banner))">$INFO[Container(301).ListItem.Art(tvshow.banner)]</value>
        <value condition="!String.IsEmpty(Container(301).ListItem.Art(fanart))">$INFO[Container(301).ListItem.Art(fanart)]</value>
        <value condition="!String.IsEmpty(Container(301).ListItem.Thumb)">$INFO[Container(301).ListItem.Thumb]</value>
        <value>$INFO[Container(301).ListItem.Icon]</value>
    </variable>
    <variable name="FanartImage">
		<value condition="!String.IsEmpty(ListItem.Art(animatedfanart)) + !Container.Content(episodes) + Skin.HasSetting(furniture.animatedfanarts)">$INFO[ListItem.Art(animatedfanart)]</value>
		<value condition="!String.IsEmpty(ListItem.Art(landscape)) + Container.Content(tvshows) + !Skin.HasSetting(dontuselandscapetvshows)">$INFO[ListItem.Art(landscape)]</value> 
		<value condition="!String.IsEmpty(ListItem.Art(landscape)) + Container.Content(seasons) + !Skin.HasSetting(dontuselandscapeseasons)">$INFO[ListItem.Art(landscape)]</value> 
		<value condition="!String.IsEmpty(ListItem.Art(tvshow.landscape)) + Container.Content(seasons) + !Skin.HasSetting(dontuselandscapeseasons)">$INFO[ListItem.Art(tvshow.landscape)]</value> 
		<value condition="!String.IsEmpty(ListItem.Art(landscape)) + Container.Content(movies) + !Skin.HasSetting(dontuselandscapemovies)">$INFO[ListItem.Art(landscape)]</value> 
        <value condition="!String.IsEmpty(ListItem.Art(fanart)) + !Container.Content(episodes)">$INFO[ListItem.Art(fanart)]</value>
        <value condition="!String.IsEmpty(ListItem.Thumb)">$INFO[ListItem.Thumb]</value>	
        <value>$INFO[ListItem.Icon]</value>
    </variable>
	<variable name="FanartImageFanart">
		<value condition="!String.IsEmpty(ListItem.Art(animatedfanart)) + !Container.Content(episodes) + Skin.HasSetting(furniture.animatedfanarts)">$INFO[ListItem.Art(animatedfanart)]</value> 
        <value condition="!String.IsEmpty(ListItem.Art(fanart)) + !Container.Content(episodes)">$INFO[ListItem.Art(fanart)]</value>
        <value condition="!String.IsEmpty(ListItem.Thumb)">$INFO[ListItem.Thumb]</value>	
        <value>$INFO[ListItem.Icon]</value>
    </variable>	
    <variable name="WidgetThumbImage">
        <value condition="!String.IsEmpty(ListItem.Art(fanart)) + String.IsEqual(Container(300).ListItem.Property(widgetaspect),Fanart)">$INFO[ListItem.Art(fanart)]</value>
        <value condition="!String.IsEmpty(ListItem.Art(thumb)) + String.IsEqual(Container(300).ListItem.Property(widgetaspect),Thumbnail)">$INFO[ListItem.Art(thumb)]</value>
        <value condition="!String.IsEmpty(ListItem.Art(fanart))">$INFO[ListItem.Art(fanart)]</value>
        <value condition="!String.IsEmpty(ListItem.Art(thumb))">$INFO[ListItem.Art(thumb)]</value>
        <value condition="!String.IsEmpty(ListItem.Thumb)">$INFO[ListItem.Thumb]</value>
        <value>$INFO[ListItem.Icon]</value>
    </variable>
    <variable name="WidgetThumbImageFeatured">
        <value condition="!String.IsEmpty(Container(301).ListItem.Art(fanart)) + String.IsEqual(Container(300).ListItem.Property(widgetaspect),Fanart)">$INFO[Container(301).ListItem.Art(fanart)]</value>
        <value condition="!String.IsEmpty(Container(301).ListItem.Art(thumb)) + String.IsEqual(Container(300).ListItem.Property(widgetaspect),Thumbnail)">$INFO[Container(301).ListItem.Art(thumb)]</value>
        <value condition="!String.IsEmpty(Container(301).ListItem.Art(fanart))">$INFO[Container(301).ListItem.Art(fanart)]</value>
        <value condition="!String.IsEmpty(Container(301).ListItem.Art(thumb))">$INFO[Container(301).ListItem.Art(thumb)]</value>
        <value condition="!String.IsEmpty(Container(301).ListItem.Thumb)">$INFO[Container(301).ListItem.Thumb]</value>
        <value>$INFO[Container(301).ListItem.Icon]</value>
    </variable>
    <variable name="MusicImage">
        <value condition="!String.IsEmpty(ListItem.Thumb)">$INFO[ListItem.Thumb]</value>
        <value condition="!String.IsEmpty(ListItem.Art(fanart))">$INFO[ListItem.Art(fanart)]</value>
        <value>$INFO[ListItem.Icon]</value>
    </variable>
    <variable name="PlayerClearart">
        <value condition="!String.IsEmpty(Player.Art(tvshow.clearart))">$INFO[Player.Art(tvshow.clearart)]</value>
        <value condition="!String.IsEmpty(Player.Art(clearart))">$INFO[Player.Art(clearart)]</value>
        <value condition="!String.IsEmpty(Player.Art(tvshow.clearlogo))">$INFO[Player.Art(tvshow.clearlogo)]</value>
        <value condition="!String.IsEmpty(Player.Art(clearlogo))">$INFO[Player.Art(clearlogo)]</value>
    </variable>
    <variable name="PVRThumb">
        <value condition="!String.IsEmpty(Window(Home).Property(SkinHelper.ListItem.Art.Fanart))">$INFO[Window(Home).Property(SkinHelper.ListItem.Art.Fanart)]</value>
        <value condition="Window.IsVisible(MyPVRRecordings.xml)">$INFO[ListItem.Icon]</value>
        <value condition="Window.IsVisible(DialogPVRInfo.xml)">$INFO[ListItem.Icon]</value>
    </variable>
	<variable name="ChannelListEPGIconVar">
		<value condition="!String.IsEmpty(Listitem.EpgEventIcon)">$INFO[ListItem.EpgEventIcon]</value>
		<value>$INFO[ListItem.Icon]</value>
	</variable>
	<variable name="RottenTomatoesColored">
		<value condition="Integer.IsGreater(Window(Home).Property(SkinHelper.ListItem.RottenTomatoes.Rating),74) + !String.IsEmpty(Window(Home).Property(SkinHelper.ListItem.RottenTomatoes.Rating))">backg/hot.png</value>
		<value condition="Integer.IsGreater(Window(Home).Property(SkinHelper.ListItem.RottenTomatoes.Rating),59) + !String.IsEmpty(Window(Home).Property(SkinHelper.ListItem.RottenTomatoes.Rating))">backg/tomato.png</value>
        <value condition="Integer.IsGreater(Window(Home).Property(SkinHelper.ListItem.RottenTomatoes.Rating),0) + !String.IsEmpty(Window(Home).Property(SkinHelper.ListItem.RottenTomatoes.Rating))">backg/rt.png</value>
		<value></value>
    </variable>
	<variable name="RottenTomatoes">
		<value condition="Integer.IsGreater(Window(Home).Property(SkinHelper.ListItem.RottenTomatoes.Rating),74) + !String.IsEmpty(Window(Home).Property(SkinHelper.ListItem.RottenTomatoes.Rating))">backg/hot_white.png</value>
		<value condition="Integer.IsGreater(Window(Home).Property(SkinHelper.ListItem.RottenTomatoes.Rating),59) + !String.IsEmpty(Window(Home).Property(SkinHelper.ListItem.RottenTomatoes.Rating))">backg/tomato_white.png</value>
        <value condition="Integer.IsGreater(Window(Home).Property(SkinHelper.ListItem.RottenTomatoes.Rating),0) + !String.IsEmpty(Window(Home).Property(SkinHelper.ListItem.RottenTomatoes.Rating))">backg/rt_white.png</value>
		<value></value>
    </variable>
    <variable name="RottenTomatoesAudienceColored">
		<value condition="Integer.IsGreater(Window(Home).Property(SkinHelper.ListItem.Rottentomatoes.Audience),59) + !String.IsEmpty(Window(Home).Property(SkinHelper.ListItem.Rottentomatoes.Audience))">backg/good.png</value>
        <value condition="Integer.IsGreater(Window(Home).Property(SkinHelper.ListItem.Rottentomatoes.Audience),0) + !String.IsEmpty(Window(Home).Property(SkinHelper.ListItem.Rottentomatoes.Audience))">backg/notgood.png</value>
    </variable>
    <variable name="RottenTomatoesAudience">
		<value condition="Integer.IsGreater(Window(Home).Property(SkinHelper.ListItem.Rottentomatoes.Audience),59) + !String.IsEmpty(Window(Home).Property(SkinHelper.ListItem.Rottentomatoes.Audience))">backg/good_white.png</value>
        <value condition="Integer.IsGreater(Window(Home).Property(SkinHelper.ListItem.Rottentomatoes.Audience),0) + !String.IsEmpty(Window(Home).Property(SkinHelper.ListItem.Rottentomatoes.Audience))">backg/notgood_white.png</value>	
    </variable>
    
    <variable name="MusicDiscart">
		<value condition="!String.IsEmpty(Player.Art(album.discart))">$INFO[Player.Art(album.discart)]</value>
		<value condition="!String.IsEmpty(Player.Art(discart))">$INFO[Player.Art(discart)]</value>
		<value>backg/default.png</value>	
    </variable>
    
    
	
</includes>
