<?xml version="1.0" encoding="UTF-8"?>
<!-- Foundation -->
<includes>

	<include name="DoubleView511Banner">
		<control type="panel" id="512">
			<animation effect="slide" start="0,0" end="680,0" time="200" condition="Skin.HasSetting(flip512rightleft)">Conditional</animation>
			<oninfo condition="ListItem.IsCollection">ActivateWindow(1132)</oninfo>
			<visible>substring(Container.FolderPath,plugin://plugin.program.advanced.launcher/,left) | Container.Content(musicvideos) | Container.Content(movies) | Container.Content(tvshows) | Container.Content(seasons) | Container.Content(sets)</visible>
			<top>305</top>
			<left>70</left>
			<width>1122</width>
			<height>568</height>
			<onleft condition="!Skin.HasSetting(global.kioskmode)">9000</onleft>
			<onright>1691</onright>
			<orientation>vertical</orientation>
			<preloaditems>2</preloaditems>
			<pagecontrol>1691</pagecontrol>
			<viewtype label="37619">list</viewtype>
			<scrolltime tween="quadratic">400</scrolltime>
			<itemlayout height="282" width="184">
				<control type="image">
					<left>2</left>
					<top>0</top>
					<right>0</right>
					<bottom>10</bottom>
					<texture border="10">common/nofocus-shadow10.png</texture>
				</control>
				<control type="image">
					<left>10</left>
					<top>9</top>
					<right>9</right>
					<bottom>19</bottom>                          
					<texture colordiffuse="Box2" background="true">common/box2.png</texture>   
					<visible>!Skin.HasSetting(thumbnails.white)</visible>                        
				</control>
				<control type="image">
					<left>12</left>
					<top>10</top>
					<right>10</right>
					<bottom>20</bottom>
					<aspectratio scalediffuse="false">scale</aspectratio>
					<texture diffuse="diffuse/wall.png" background="true">$VAR[PosterImage]</texture>
				</control>
				<control type="label">
					<align>center</align>
					<aligny>center</aligny>
					<width>50</width>
					<right>7</right>
					<top>6</top>
					<height>50</height>
					<textcolor>$VAR[WatchedBackingColor]</textcolor>
					<font>SymbolPosterBackground</font>
					<label>$VAR[WatchedBacking]</label>
					<visible>!String.IsEqual(ListItem.Label,..)</visible>
				</control>
				<control type="label">
					<align>center</align>
					<aligny>center</aligny>
					<width>50</width>
					<right>7</right>
					<top>6</top>
					<height>50</height>
					<textcolor>$VAR[WatchedLabelPosterColor]</textcolor>
					<font>SymbolPoster</font>
					<label>$VAR[WatchedLabelPoster]</label>
					<visible>!String.IsEqual(ListItem.Label,..)</visible>
				</control>	
			</itemlayout>
			<focusedlayout height="282" width="184">
				<control type="image">
					<left>2</left>
					<top>0</top>
					<right>0</right>
					<bottom>10</bottom>
					<texture border="10">common/nofocus-shadow10.png</texture>
				</control>
				<control type="image">
					<left>10</left>
					<top>9</top>
					<right>9</right>
					<bottom>19</bottom>                          
					<texture colordiffuse="Box2" background="true">common/box2.png</texture>   
					<visible>!Skin.HasSetting(thumbnails.white)</visible>                        
				</control>
				<control type="image">
					<left>12</left>
					<top>10</top>
					<right>10</right>
					<bottom>20</bottom>
					<aspectratio scalediffuse="false">scale</aspectratio>
					<texture diffuse="diffuse/wall.png" background="true">$VAR[PosterImage]</texture>
				</control>
				<control type="label">
					<align>center</align>
					<aligny>center</aligny>
					<width>50</width>
					<right>7</right>
					<top>6</top>
					<height>50</height>
					<textcolor>$VAR[WatchedBackingColor]</textcolor>
					<font>SymbolPosterBackground</font>
					<label>$VAR[WatchedBacking]</label>
					<visible>!String.IsEqual(ListItem.Label,..)</visible>
				</control>
				<control type="label">
					<align>center</align>
					<aligny>center</aligny>
					<width>50</width>
					<right>7</right>
					<top>6</top>
					<height>50</height>
					<textcolor>$VAR[WatchedLabelPosterColor]</textcolor>
					<font>SymbolPoster</font>
					<label>$VAR[WatchedLabelPoster]</label>
					<visible>!String.IsEqual(ListItem.Label,..)</visible>
				</control>
				
				<control type="image">
					<left>5</left>
					<top>3</top>
					<right>3</right>
					<bottom>13</bottom>
					<texture colordiffuse="$VAR[ColorSquares]" border="20">common/selectbox.png</texture>
					<animation type="Focus">
						<effect type="zoom" start="90" end="100" time="150" tween="sine" easing="inout" center="auto" />
						<effect type="fade" start="0" end="100" time="150" tween="sine" easing="in" />
					</animation>
					<animation type="Unfocus">
						<effect type="zoom" start="100" end="90" time="150" tween="sine" easing="inout" center="auto" />
						<effect type="fade" start="100" end="0" time="150" tween="sine" easing="out" />
					</animation>
				</control>
			</focusedlayout>
		</control> 
	</include> 

	<include name="ListView511Banner">
		<control type="list" id="512">
			<animation effect="slide" start="0,0" end="690,0" time="200" condition="Skin.HasSetting(flip512rightleft)">Conditional</animation>
			<oninfo condition="ListItem.IsCollection">ActivateWindow(1132)</oninfo>
			<visible>substring(Container.FolderPath,plugin://plugin.program.advanced.launcher/,left) | Container.Content(musicvideos) | Container.Content(movies) | Container.Content(tvshows) | Container.Content(episodes) | Container.Content(seasons) | Container.Content(sets)</visible>
			<top>314</top>
			<left>80</left>
			<width>1092</width>
			<height>548</height>
			<onleft condition="!Skin.HasSetting(global.kioskmode)">9000</onleft>
			<onright>1691</onright>
			<orientation>vertical</orientation>
			<preloaditems>2</preloaditems>
			<pagecontrol>1691</pagecontrol>
			<viewtype label="37619">list</viewtype>
			<scrolltime tween="quadratic">400</scrolltime>
			<itemlayout condition="!Skin.HasSetting(511ListInfo)" width="1080" height="67">
				<include>56itemlayout</include>
			</itemlayout>
			<focusedlayout condition="!Skin.HasSetting(511ListInfo)" width="1080" height="67">
				<control type="group">
					<include>56focuslayout</include>
				</control>
			</focusedlayout>
			
			<itemlayout condition="Skin.HasSetting(511ListInfo)" width="1080" height="90">
				<include>56itemlayout_info</include>
			</itemlayout>
			<focusedlayout condition="Skin.HasSetting(511ListInfo)" width="1080" height="90">
				<control type="group">
					<include>56focuslayout_info</include>
				</control>
			</focusedlayout>
		</control> 
	</include> 

    <include name="View_511_Double_Banner">
        <description>List View (id=512)</description>
		<control type="group">^
			<include>Animation.Common</include>	
			<include>JumpBarHorizontal</include>
			<include>ViewSlideForJumpBar</include>
            <visible>Control.IsVisible(512)</visible>
			<control type="group">
				<visible>!Skin.HasSetting(FullscreenFanart511)</visible>
				<include>Animation.ViHi2</include>
				<width>1920</width>
				<left>0</left>
				<top>-90</top>
				<animation effect="slide" start="0,0" end="0,-20" time="200" condition="Skin.HasSetting(ShowClearart511)">Conditional</animation>
				<control type="image" description="clearlogo">
					<visible>Skin.HasSetting(ShowClearart511) + !String.IsEmpty(ListItem.Art(clearlogo))</visible>
					<top>-530</top>
					<width>275</width>	
					<left>825</left>
					<aspectratio scalediffuse="true" align="center">keep</aspectratio>
					<texture background="true">$INFO[ListItem.Art(clearlogo)]</texture>
					<include>Animation.ViHi2</include>
					<fadetime>100</fadetime>
				</control>	
				<control type="label">
					<visible>!Skin.HasSetting(ShowClearart511) | [Skin.HasSetting(ShowClearart511) + String.IsEmpty(ListItem.Art(clearlogo))]</visible>
					<top>280</top>
					<align>center</align>
					<description>Header Label</description>
					<textcolor>Dark1</textcolor>
					<font>SmallBold</font>
					<label fallback="19055">$INFO[ListItem.Title]</label>
					<include>Animation.ViHi2</include>
				</control>
				<control type="label">
					<animation effect="slide" start="0,0" end="0,30" time="200" condition="Skin.HasSetting(ShowClearart511)">Conditional</animation>
					<align>center</align>
					<visible>!String.IsEqual(ListItem.Label,..)</visible>
					<top>335</top>					
					<height>36</height>
					<font>Tiny</font>
					<textcolor>Dark1</textcolor>
					<label>$VAR[509_Row_3]</label>				
				</control>
			</control>
			
			<control type="group">
				<animation effect="slide" start="0,0" end="-1100,0" time="200" condition="Skin.HasSetting(flip512rightleft)">Conditional</animation>
				<width>638</width>
				<height>545</height>
				<top>305</top>
				<right>100</right>
				<control type="group">
					<animation effect="slide" start="0,0" end="0,149" time="200" condition="Skin.HasSetting(Flip512)">Conditional</animation>
					<animation effect="slide" start="0,0" end="0,4" time="200" condition="Skin.HasSetting(511ListInfo) + Skin.HasSetting(Flip512) + Skin.HasSetting(ListView511)">Conditional</animation>
					<control type="image">
						<left>-10</left>
						<top>1</top>	
						<width>689</width>
						<height>404</height> 
						<texture border="10">common/nofocus-shadow10.png</texture>
					</control>
					<control type="image">
						<left>-1</left>
						<top>9</top>	
						<width>671</width>
						<height>387</height>                           
						<texture colordiffuse="Box2" background="true">common/box2.png</texture>   
						<visible>!Skin.HasSetting(thumbnails.white)</visible>                        
					</control>
					<control type="image">										
						<width>669</width>
						<height>385</height> 
						<top>10</top>
						<fadetime>200</fadetime>
						<aspectratio aligny="center" align="center" scalediffuse="false">scale</aspectratio>
						<texture background="true">$VAR[FanartImageFanart]</texture>		
					</control>
				</control>
				<control type="group">
					<animation effect="slide" start="0,0" end="0,4" time="200" condition="Skin.HasSetting(511ListInfo) + !Skin.HasSetting(Flip512) + Skin.HasSetting(ListView511)">Conditional</animation>
					<animation effect="slide" start="0,0" end="0,-408" time="200" condition="Skin.HasSetting(Flip512)">Conditional</animation>
					<control type="image">
						<left>-10</left>
						<top>410</top>	
						<width>689</width>
						<height>144</height> 
						<texture border="10">common/nofocus-shadow10.png</texture>
					</control>
					<control type="image">
						<left>-1</left>
						<top>417</top>	
						<width>671</width>
						<height>128</height>                           
						<texture colordiffuse="Box2" background="true">common/box4.png</texture>   
						<visible>!Skin.HasSetting(thumbnails.white)</visible>                        
					</control>
					<control type="image">										
						<width>669</width>
						<height>126</height> 
						<top>418</top>
						<fadetime>200</fadetime>
						<aspectratio aligny="center" align="center" scalediffuse="false">scale</aspectratio>
						<texture background="true">$VAR[BannerImage]</texture>		
					</control>
				</control>
			</control>
			
			<include condition="Skin.HasSetting(ListView511)">ListView511Banner</include>
			<include condition="!Skin.HasSetting(ListView511)">DoubleView511Banner</include>
			
			<control type="scrollbar" id="1691">
				<include content="scrollbar_vertical">
				<param name="scrollid" value="1691" />
				</include>
			</control> 
		</control>			
    </include>
</includes>
