<?xml version="1.0" encoding="UTF-8"?>
<includes>
	<!-- Video LowList -->
	<include name="VideoLowList">
		<control type="group">
			<visible>Control.IsVisible(501) + !Window.IsActive(addoninformation)</visible>
			<include>ViewAnimation</include>
			<control type="image">
				<top>710</top>
				<width>100%</width>
				<height>651</height>
				<texture border="1,32,1,1">bottombar.png</texture>
				<animation effect="slide" end="0,-170" time="120" condition="!Skin.HasSetting(nohighlist)">Conditional</animation>
			</control>
			<control type="group">
				<left>5</left>
				<top>442</top>
				<control type="image">
					<width>440</width>
					<height>640</height>
					<aspectratio aligny="bottom">keep</aspectratio>
					<texture background="true">$VAR[PosterVar]</texture>
					<fadetime>IconCrossfadeTime</fadetime>
					<bordertexture border="20">thumbs/thumb_shadow.png</bordertexture>
					<bordersize>20</bordersize>
				</control>
			</control>
			<control type="grouplist">
				<left>1270</left>
				<top>733</top>
				<width>650</width>
				<height>270</height>
				<animation effect="slide" end="0,-170" time="120" condition="!Skin.HasSetting(nohighlist)">Conditional</animation>
				<control type="button">
					<label>[COLOR labelheader]$LOCALIZE[31000]:[/COLOR][CR]$INFO[ListItem.Director]</label>
					<width>650</width>
					<include>ShowCaseInfoPanelButtonsValues</include>
					<visible>!String.IsEmpty(ListItem.Director) + ( Container.Content(movies)| Container.Content(musicvideos) )</visible>
				</control>
				<control type="button">
					<label>[COLOR labelheader]$LOCALIZE[558]:[/COLOR][CR]$INFO[ListItem.Album]</label>
					<width>650</width>
					<include>ShowCaseInfoPanelButtonsValues</include>
					<include>VisibleFadeAnimation</include>
					<visible>!String.IsEmpty(ListItem.Album) + Container.Content(musicvideos)</visible>
				</control>
				<control type="button">
					<label>[COLOR labelheader]$LOCALIZE[20416]:[/COLOR][CR]$INFO[ListItem.Premiered]</label>
					<width>650</width>
					<include>ShowCaseInfoPanelButtonsValues</include>
					<include>VisibleFadeAnimation</include>
					<visible>!String.IsEmpty(ListItem.Premiered) + Container.Content(episodes)</visible>
				</control>
				<control type="button">
					<label>[COLOR labelheader]$LOCALIZE[31019]:[/COLOR][CR]$INFO[ListItem.Studio]</label>
					<width>650</width>
					<include>ShowCaseInfoPanelButtonsValues</include>
					<include>VisibleFadeAnimation</include>
					<visible>!String.IsEmpty(ListItem.Studio) + Container.Content(episodes)</visible>
				</control>
				<control type="button">
					<label>[COLOR labelheader]$LOCALIZE[21899]:[/COLOR][CR]$INFO[ListItem.Studio]</label>
					<width>650</width>
					<include>ShowCaseInfoPanelButtonsValues</include>
					<include>VisibleFadeAnimation</include>
					<visible>!String.IsEmpty(ListItem.Studio) + Container.Content(musicvideos)</visible>
				</control>
				<control type="button">
					<label>[COLOR labelheader]$LOCALIZE[515]:[/COLOR][CR]$INFO[ListItem.Genre]</label>
					<width>650</width>
					<include>ShowCaseInfoPanelButtonsValues</include>
					<include>VisibleFadeAnimation</include>
					<visible>!String.IsEmpty(ListItem.Genre) + !Container.Content(episodes)</visible>
				</control>
				<control type="button">
					<label>[COLOR labelheader]$LOCALIZE[2050]:[/COLOR][CR]$VAR[DurationMinutesVar,, $LOCALIZE[12391]]</label>
					<width>650</width>
					<include>ShowCaseInfoPanelButtonsValues</include>
					<include>VisibleFadeAnimation</include>
					<visible>!String.IsEmpty(ListItem.Duration) + ![Container.Content(tvshows) | Container.Content(seasons)]</visible>
				</control>
			</control>
			<control type="image">
				<left>1500</left>
				<top>733</top>
				<width>420</width>
				<height>269</height>
				<aspectratio>scale</aspectratio>
				<texture background="true">$INFO[ListItem.Art(thumb)]</texture>
				<fadetime>IconCrossfadeTime</fadetime>
				<bordertexture border="2">thumbs/panel_border3.png</bordertexture>
				<bordersize>2</bordersize>
				<visible>Container.Content(episodes) | Container.Content(musicvideos)</visible>
				<animation effect="slide" end="0,-170" time="120" condition="!Skin.HasSetting(nohighlist)">Conditional</animation>
			</control>
			<control type="group">
				<left>1270</left>
				<top>733</top>
				<visible>!Skin.HasSetting(nohighlist) + ![Container.Content(tvshows) | Container.Content(seasons)]</visible>
				<include>VisibleFadeAnimation</include>
				<control type="textbox" id="70">
					<label>$VAR[VideoPlotVar]</label>
					<left>15</left>
					<top>105</top>
					<width>615</width>
					<height>158</height>
					<font>font14_textbox</font>
					<pagecontrol>62</pagecontrol>
					<include>ShowCaseInfoPanelButtonsValues</include>
					<autoscroll time="3000" delay="4000" repeat="5000">Skin.HasSetting(Enable.AutoScroll) + !Control.HasFocus(62)</autoscroll>
				</control>
				<control type="scrollbar" id="62">
					<left>636</left>
					<top>105</top>
					<width>14</width>
					<height>160</height>
					<onup>PageUp(70)</onup>
					<ondown>PageUp(70)</ondown>
					<onleft>50</onleft>
					<onright>SetProperty(MediaMenu,True,home)</onright>
					<onright>SetFocus(9050)</onright>
					<texturesliderbackground>scrollbar/texturesliderbackground3.png</texturesliderbackground>
					<texturesliderbar colordiffuse="55ffffff" border="1">scrollbar/texturesliderbar3.png</texturesliderbar>
					<texturesliderbarfocus border="1">scrollbar/texturesliderbar3.png</texturesliderbarfocus>
					<showonepage>false</showonepage>
					<orientation>vertical</orientation>
				</control>
			</control>
			<control type="group">
				<left>1270</left>
				<top>652</top>
				<visible>!Skin.HasSetting(nohighlist) + [Container.Content(tvshows) | Container.Content(seasons)]</visible>
				<include>VisibleFadeAnimation</include>
				<control type="textbox" id="70">
					<label>$VAR[VideoPlotVar]</label>
					<left>15</left>
					<width>615</width>
					<height>347</height>
					<font>font14_textbox</font>
					<pagecontrol>62</pagecontrol>
					<include>ShowCaseInfoPanelButtonsValues</include>
					<autoscroll time="3000" delay="4000" repeat="5000">Skin.HasSetting(Enable.AutoScroll) + !Control.HasFocus(62)</autoscroll>
				</control>
				<control type="scrollbar" id="62">
					<left>636</left>
					<width>14</width>
					<height>345</height>
					<onup>PageUp(70)</onup>
					<ondown>PageUp(70)</ondown>
					<onleft>50</onleft>
					<onright>SetProperty(MediaMenu,True,home)</onright>
					<onright>SetFocus(9050)</onright>
					<texturesliderbackground>scrollbar/texturesliderbackground3.png</texturesliderbackground>
					<texturesliderbar colordiffuse="55ffffff" border="1">scrollbar/texturesliderbar3.png</texturesliderbar>
					<texturesliderbarfocus border="1">scrollbar/texturesliderbar3.png</texturesliderbarfocus>
					<showonepage>false</showonepage>
					<orientation>vertical</orientation>
				</control>
			</control>
			<control type="group">
				<left>1270</left>
				<top>822</top>
				<visible>Skin.HasSetting(nohighlist) + [Container.Content(tvshows) | Container.Content(seasons)]</visible>
				<include>VisibleFadeAnimation</include>
				<control type="textbox" id="70">
					<label>$VAR[VideoPlotVar]</label>
					<left>15</left>
					<top>8</top>
					<width>615</width>
					<height>158</height>
					<font>font14_textbox</font>
					<pagecontrol>62</pagecontrol>
					<include>ShowCaseInfoPanelButtonsValues</include>
					<autoscroll time="3000" delay="4000" repeat="5000">Skin.HasSetting(Enable.AutoScroll) + !Control.HasFocus(62)</autoscroll>
				</control>
				<control type="scrollbar" id="62">
					<left>636</left>
					<width>14</width>
					<height>177</height>
					<onup>PageUp(70)</onup>
					<ondown>PageUp(70)</ondown>
					<onleft>50</onleft>
					<onright>SetProperty(MediaMenu,True,home)</onright>
					<onright>SetFocus(9050)</onright>
					<texturesliderbackground>scrollbar/texturesliderbackground3.png</texturesliderbackground>
					<texturesliderbar colordiffuse="55ffffff" border="1">scrollbar/texturesliderbar3.png</texturesliderbar>
					<texturesliderbarfocus border="1">scrollbar/texturesliderbar3.png</texturesliderbarfocus>
					<showonepage>false</showonepage>
					<orientation>vertical</orientation>
				</control>
			</control>
			<control type="group">
				<left>1270</left>
				<top>1000</top>
				<width>1840</width>
				<height>90</height>
				<control type="image">
					<left>162.5</left>
					<width>2</width>
					<height>90</height>
					<texture border="1">separator3.png</texture>
				</control>
				<control type="image">
					<left>325</left>
					<width>2</width>
					<height>90</height>
					<texture border="1">separator3.png</texture>
				</control>
				<control type="image">
					<left>487.5</left>
					<width>2</width>
					<height>90</height>
					<texture border="1">separator3.png</texture>
				</control>
				<control type="image">
					<left>13.5</left>
					<colordiffuse>grey2</colordiffuse>
					<include>MediaFlagVars</include>
					<texture>$INFO[ListItem.VideoResolution,flags/resolution/,.png]</texture>
					<visible>!String.IsEmpty(ListItem.VideoResolution)</visible>
					<include>VisibleFadeAnimation</include>
				</control>
				<control type="image">
					<left>176.5</left>
					<colordiffuse>grey2</colordiffuse>
					<include>MediaFlagVars</include>
					<texture>$INFO[ListItem.AudioCodec,flags/audio/,.png]</texture>
					<visible>!String.IsEmpty(ListItem.AudioCodec)</visible>
					<include>VisibleFadeAnimation</include>
				</control>
				<control type="image">
					<left>339</left>
					<colordiffuse>grey2</colordiffuse>
					<include>MediaFlagVars</include>
					<texture>$INFO[ListItem.AudioChannels,flags/channels/,.png]</texture>
					<visible>!String.IsEmpty(ListItem.AudioChannels)</visible>
					<include>VisibleFadeAnimation</include>
				</control>
				<control type="image">
					<left>506</left>
					<colordiffuse>grey2</colordiffuse>
					<include>MediaFlagVars</include>
					<texture>$VAR[SourceFlagVar,flags/video/,.png]</texture>
					<visible>!String.IsEmpty(ListItem.VideoCodec)</visible>
					<include>VisibleFadeAnimation</include>
				</control>
				<control type="group">
					<visible>Container.Content(tvshows) | Container.Content(seasons)</visible>
					<include>VisibleFadeAnimation</include>
					<control type="group">
						<top>-6</top>
						<width>162.5</width>
						<visible>!String.IsEmpty(ListItem.Property(TotalSeasons))</visible>
						<control type="label">
							<top>2</top>
							<width>162.5</width>
							<height>60</height>
							<align>center</align>
							<label>$INFO[ListItem.Property(TotalSeasons)]</label>
							<font>font48_bold</font>
							<wrapmultiline>true</wrapmultiline>
							<textcolor>grey2</textcolor>
						</control>
						<control type="label">
							<top>52</top>
							<width>162.5</width>
							<height>30</height>
							<align>center</align>
							<label>[LOWERCASE]$VAR[OneOrMoreSeasonsVar][/LOWERCASE]</label>
							<font>font12</font>
							<textcolor>grey2</textcolor>
						</control>
					</control>
					<control type="group">
						<visible>!String.IsEmpty(ListItem.Property(TotalEpisodes))</visible>
						<width>162.5</width>
						<left>162.5</left>
						<top>-6</top>
						<control type="label">
							<top>2</top>
							<width>162.5</width>
							<height>60</height>
							<align>center</align>
							<label>$INFO[ListItem.Property(TotalEpisodes)]</label>
							<font>font48_bold</font>
							<wrapmultiline>true</wrapmultiline>
							<textcolor>grey2</textcolor>
						</control>
						<control type="label">
							<top>52</top>
							<width>162.5</width>
							<height>30</height>
							<align>center</align>
							<label>[LOWERCASE]$VAR[OneOrMoreEpisodesVar][/LOWERCASE]</label>
							<font>font12</font>
							<textcolor>grey2</textcolor>
						</control>
					</control>
					<control type="image">
						<left>339</left>
						<bordersize>2</bordersize>
						<colordiffuse>$VAR[StudioFlagColorVar]</colordiffuse>
						<include>MediaFlagVars</include>
						<texture fallback="flags/studios/default-studio.png">$VAR[StudioFlagPathVar]$INFO[ListItem.Studio,,.png]</texture>
					</control>
					<control type="image">
						<left>506</left>
						<colordiffuse>grey2</colordiffuse>
						<include>MediaFlagVars</include>
						<texture fallback="flags/mpaa/NR.png">$VAR[RatingFlagVar]</texture>
					</control>
				</control>
				<control type="image">
					<top>-90</top>
					<width>650</width>
					<height>90</height>
					<texture border="1">separator5.png</texture>
					<visible>!Skin.HasSetting(nohighlist) | Container.Content(tvshows) | Container.Content(seasons)</visible>
					<include>VisibleFadeAnimation</include>
				</control>
			</control>
			<control type="fixedlist" id="501">
				<left>450</left>
				<top>733</top>
				<width>976</width>
				<include condition="!Skin.HasSetting(nohighlist)">LowListHeightHigh</include>
				<include condition="Skin.HasSetting(nohighlist)">LowListHeightLow</include>
				<onleft>SetProperty(MediaMenu,True,home)</onleft>
				<onleft>SetFocus(9050)</onleft>
				<onright condition="Control.IsVisible(50160)">50160</onright>
				<onright condition="!Control.IsVisible(50160)">62</onright>
				<onup>501</onup>
				<ondown>501</ondown>
				<pagecontrol>50160</pagecontrol>
				<viewtype label="LowList">list</viewtype>
				<visible>Container.Content(movies) | Container.Content(tvshows) | Container.Content(seasons) | Container.Content(episodes) | Container.Content(musicvideos)</visible>
				<scrolltime tween="quadratic" easing="out">200</scrolltime>
				<animation effect="slide" end="0,-170" time="120" condition="!Skin.HasSetting(nohighlist)">Conditional</animation>
				<itemlayout height="68" width="806" condition="Container.Content(movies) | Container.Content(musicvideos)">
					<control type="image">
						<top>8</top>
						<width>806</width>
						<height>60</height>
						<texture border="1">separator2.png</texture>
					</control>
					<control type="label">
						<left>15</left>
						<width>90</width>
						<height>68</height>
						<font>font15</font>
						<textcolor>labelheader</textcolor>
						<selectedcolor>selected</selectedcolor>
						<label fallback="• • • •">$INFO[ListItem.Year]</label>
						<visible>!ListItem.IsParentFolder</visible>
					</control>
					<control type="label">
						<left>110</left>
						<width>620</width>
						<height>68</height>
						<font>font15</font>
						<textcolor>grey2</textcolor>
						<selectedcolor>selected</selectedcolor>
						<label>$INFO[ListItem.Label]</label>
					</control>
					<control type="label">
						<left>110</left>
						<width>620</width>
						<height>68</height>
						<font>font15</font>
						<align>right</align>
						<textcolor>grey2</textcolor>
						<selectedcolor>selected</selectedcolor>
						<label>$INFO[ListItem.Rating]</label>
						<visible>!Skin.HasSetting(Enable.HideRatings) | String.IsEqual(Container.SortMethod,$LOCALIZE[563])</visible>
					</control>
					<control type="image">
						<left>742</left>
						<top>2</top>
						<width>64</width>
						<height>64</height>
						<aspectratio>keep</aspectratio>
						<texture>$VAR[ListItem.Overlay]</texture>
					</control>
				</itemlayout>
				<focusedlayout height="68" width="806" condition="Container.Content(movies) | Container.Content(musicvideos)">
					<control type="image">
						<top>8</top>
						<width>806</width>
						<height>60</height>
						<texture border="1">separator2.png</texture>
					</control>
					<control type="image">
						<width>806</width>
						<height>68</height>
						<texture border="4">listselect_fo.png</texture>
						<visible>Control.HasFocus(501)</visible>
						<include>VisibleFadeAnimation</include>
					</control>
					<control type="label">
						<left>15</left>
						<width>90</width>
						<height>68</height>
						<font>font15</font>
						<selectedcolor>selected</selectedcolor>
						<label fallback="• • • •">$INFO[ListItem.Year]</label>
						<animation effect="fade" start="100" end="70" time="300" tween="sine" easing="inout" condition="!Control.HasFocus(501)">Conditional</animation>
						<visible>!ListItem.IsParentFolder</visible>
					</control>
					<control type="label">
						<left>110</left>
						<width>620</width>
						<height>68</height>
						<font>font15</font>
						<selectedcolor>selected</selectedcolor>
						<label>$INFO[ListItem.Label]</label>
						<animation effect="fade" start="100" end="70" time="300" tween="sine" easing="inout" condition="!Control.HasFocus(501)">Conditional</animation>
					</control>
					<control type="label">
						<left>110</left>
						<width>620</width>
						<height>68</height>
						<font>font15</font>
						<align>right</align>
						<selectedcolor>selected</selectedcolor>
						<label>$INFO[ListItem.Rating]</label>
						<visible>!Skin.HasSetting(Enable.HideRatings) | String.IsEqual(Container.SortMethod,$LOCALIZE[563])</visible>
						<animation effect="fade" start="100" end="70" time="300" tween="sine" easing="inout" condition="!Control.HasFocus(501)">Conditional</animation>
					</control>
					<control type="image">
						<left>742</left>
						<top>2</top>
						<width>64</width>
						<height>64</height>
						<aspectratio>keep</aspectratio>
						<texture>$VAR[ListItem.Overlay]</texture>
					</control>
				</focusedlayout>
				<itemlayout height="68" width="806" condition="Container.Content(tvshows)">
					<control type="image">
						<top>8</top>
						<width>806</width>
						<height>60</height>
						<texture border="1">separator2.png</texture>
					</control>
					<control type="label">
						<left>15</left>
						<width>90</width>
						<height>68</height>
						<font>font15</font>
						<textcolor>labelheader</textcolor>
						<selectedcolor>selected</selectedcolor>
						<label fallback="• • • •">$INFO[ListItem.Year]</label>
						<visible>!ListItem.IsParentFolder</visible>
					</control>
					<control type="label">
						<left>110</left>
						<width>565</width>
						<height>68</height>
						<font>font15</font>
						<textcolor>grey2</textcolor>
						<selectedcolor>selected</selectedcolor>
						<label>$INFO[ListItem.Label]</label>
					</control>
					<control type="label">
						<left>110</left>
						<width>620</width>
						<height>68</height>
						<font>font15</font>
						<align>right</align>
						<textcolor>grey2</textcolor>
						<selectedcolor>selected</selectedcolor>
						<label>$INFO[ListItem.Rating]</label>
						<visible>!Skin.HasSetting(Enable.HideRatings) | String.IsEqual(Container.SortMethod,$LOCALIZE[563])</visible>
					</control>
					<control type="image">
						<left>742</left>
						<top>2</top>
						<width>64</width>
						<height>64</height>
						<aspectratio>keep</aspectratio>
						<texture>$VAR[ListItem.Overlay]</texture>
					</control>
					<control type="group">
						<description>Unwatched episodes</description>
						<left>742</left>
						<top>-1</top>
						<control type="image">
							<top>3</top>
							<width>64</width>
							<height>64</height>
							<texture>overlays/list/OverlayUnWatched.png</texture>
							<visible>Integer.IsGreater(ListItem.Property(UnWatchedEpisodes),0) + String.IsEmpty(ListItem.Overlay)</visible>
						</control>
						<control type="label">
							<left>-18</left>
							<width>100</width>
							<height>68</height>
							<font>font12_title</font>
							<align>center</align>
							<label>$VAR[ListOverlayEpisodesVar]</label>
							<textcolor>grey3</textcolor>
							<textoffsetx>18</textoffsetx>
							<visible>Integer.IsGreater(ListItem.Property(UnWatchedEpisodes),0)</visible>
						</control>
					</control>
				</itemlayout>
				<focusedlayout height="68" width="806" condition="Container.Content(tvshows)">
					<control type="image">
						<top>8</top>
						<width>806</width>
						<height>60</height>
						<texture border="1">separator2.png</texture>
					</control>
					<control type="image">
						<width>806</width>
						<height>68</height>
						<texture border="4">listselect_fo.png</texture>
						<visible>Control.HasFocus(501)</visible>
						<include>VisibleFadeAnimation</include>
					</control>
					<control type="label">
						<left>15</left>
						<width>90</width>
						<height>68</height>
						<font>font15</font>
						<selectedcolor>selected</selectedcolor>
						<label fallback="• • • •">$INFO[ListItem.Year]</label>
						<animation effect="fade" start="100" end="70" time="300" tween="sine" easing="inout" condition="!Control.HasFocus(501)">Conditional</animation>
						<visible>!ListItem.IsParentFolder</visible>
					</control>
					<control type="label">
						<left>110</left>
						<width>565</width>
						<height>68</height>
						<font>font15</font>
						<selectedcolor>selected</selectedcolor>
						<label>$INFO[ListItem.Label]</label>
						<animation effect="fade" start="100" end="70" time="300" tween="sine" easing="inout" condition="!Control.HasFocus(501)">Conditional</animation>
					</control>
					<control type="label">
						<left>110</left>
						<width>620</width>
						<height>68</height>
						<font>font15</font>
						<align>right</align>
						<selectedcolor>selected</selectedcolor>
						<label>$INFO[ListItem.Rating]</label>
						<visible>!Skin.HasSetting(Enable.HideRatings) | String.IsEqual(Container.SortMethod,$LOCALIZE[563])</visible>
						<animation effect="fade" start="100" end="70" time="300" tween="sine" easing="inout" condition="!Control.HasFocus(501)">Conditional</animation>
					</control>
					<control type="image">
						<left>742</left>
						<top>2</top>
						<width>64</width>
						<height>64</height>
						<aspectratio>keep</aspectratio>
						<texture>$VAR[ListItem.Overlay]</texture>
					</control>
					<control type="group">
						<description>Unwatched episodes</description>
						<left>742</left>
						<top>-1</top>
						<control type="image">
							<top>3</top>
							<width>64</width>
							<height>64</height>
							<texture>overlays/list/OverlayUnWatched.png</texture>
							<visible>Integer.IsGreater(ListItem.Property(UnWatchedEpisodes),0) + String.IsEmpty(ListItem.Overlay)</visible>
						</control>
						<control type="label">
							<left>-18</left>
							<width>100</width>
							<height>68</height>
							<font>font12_title</font>
							<align>center</align>
							<label>$VAR[ListOverlayEpisodesVar]</label>
							<textcolor>white</textcolor>
							<textoffsetx>18</textoffsetx>
							<visible>Integer.IsGreater(ListItem.Property(UnWatchedEpisodes),0)</visible>
						</control>
					</control>
				</focusedlayout>
				<itemlayout height="68" width="806" condition="Container.Content(seasons)">
					<control type="image">
						<top>8</top>
						<width>806</width>
						<height>60</height>
						<texture border="1">separator2.png</texture>
					</control>
					<control type="label">
						<left>15</left>
						<width>600</width>
						<height>68</height>
						<font>font15</font>
						<textcolor>grey2</textcolor>
						<selectedcolor>selected</selectedcolor>
						<label>$INFO[ListItem.Label]</label>
					</control>
					<control type="label">
						<left>110</left>
						<width>620</width>
						<height>68</height>
						<font>font15</font>
						<align>right</align>
						<textcolor>grey2</textcolor>
						<selectedcolor>selected</selectedcolor>
						<label>$INFO[ListItem.Property(TotalEpisodes),, $LOCALIZE[20453]]</label>
					</control>
					<control type="image">
						<left>742</left>
						<top>2</top>
						<width>64</width>
						<height>64</height>
						<aspectratio>keep</aspectratio>
						<texture>$VAR[ListItem.Overlay]</texture>
					</control>
					<control type="group">
						<description>Unwatched episodes</description>
						<left>742</left>
						<top>-1</top>
						<control type="image">
							<top>3</top>
							<width>64</width>
							<height>64</height>
							<texture>overlays/list/OverlayUnWatched.png</texture>
							<visible>Integer.IsGreater(ListItem.Property(UnWatchedEpisodes),0) + String.IsEmpty(ListItem.Overlay)</visible>
						</control>
						<control type="label">
							<left>-18</left>
							<width>100</width>
							<height>68</height>
							<font>font12_title</font>
							<align>center</align>
							<label>$VAR[ListOverlayEpisodesVar]</label>
							<textcolor>grey3</textcolor>
							<textoffsetx>18</textoffsetx>
							<visible>Integer.IsGreater(ListItem.Property(UnWatchedEpisodes),0)</visible>
						</control>
					</control>
				</itemlayout>
				<focusedlayout height="68" width="806" condition="Container.Content(seasons)">
					<control type="image">
						<top>8</top>
						<width>806</width>
						<height>60</height>
						<texture border="1">separator2.png</texture>
					</control>
					<control type="image">
						<width>806</width>
						<height>68</height>
						<texture border="4">listselect_fo.png</texture>
						<visible>Control.HasFocus(501)</visible>
						<include>VisibleFadeAnimation</include>
					</control>
					<control type="label">
						<left>15</left>
						<width>600</width>
						<height>68</height>
						<font>font15</font>
						<selectedcolor>selected</selectedcolor>
						<label>$INFO[ListItem.Label]</label>
						<animation effect="fade" start="100" end="70" time="300" tween="sine" easing="inout" condition="!Control.HasFocus(501)">Conditional</animation>
					</control>
					<control type="label">
						<left>110</left>
						<width>620</width>
						<height>68</height>
						<font>font15</font>
						<align>right</align>
						<selectedcolor>selected</selectedcolor>
						<label>$INFO[ListItem.Property(TotalEpisodes),, $LOCALIZE[20453]]</label>
						<animation effect="fade" start="100" end="70" time="300" tween="sine" easing="inout" condition="!Control.HasFocus(501)">Conditional</animation>
					</control>
					<control type="image">
						<left>742</left>
						<top>2</top>
						<width>64</width>
						<height>64</height>
						<aspectratio>keep</aspectratio>
						<texture>$VAR[ListItem.Overlay]</texture>
					</control>
					<control type="group">
						<description>Unwatched episodes</description>
						<left>742</left>
						<top>-1</top>
						<control type="image">
							<top>3</top>
							<width>64</width>
							<height>64</height>
							<texture>overlays/list/OverlayUnWatched.png</texture>
							<visible>Integer.IsGreater(ListItem.Property(UnWatchedEpisodes),0) + String.IsEmpty(ListItem.Overlay)</visible>
						</control>
						<control type="label">
							<left>-18</left>
							<width>100</width>
							<height>68</height>
							<font>font12_title</font>
							<align>center</align>
							<label>$VAR[ListOverlayEpisodesVar]</label>
							<textcolor>white</textcolor>
							<textoffsetx>18</textoffsetx>
							<visible>Integer.IsGreater(ListItem.Property(UnWatchedEpisodes),0)</visible>
						</control>
					</control>
				</focusedlayout>
				<itemlayout height="68" width="806" condition="Container.Content(episodes)">
					<control type="image">
						<top>8</top>
						<width>806</width>
						<height>60</height>
						<texture border="1">separator2.png</texture>
					</control>
					<control type="label">
						<width>730</width>
						<height>68</height>
						<font>font15</font>
						<textcolor>grey2</textcolor>
						<selectedcolor>selected</selectedcolor>
						<label>$INFO[ListItem.Label]</label>
						<textoffsetx>15</textoffsetx>
					</control>
					<control type="label">
						<left>110</left>
						<width>620</width>
						<height>68</height>
						<font>font15</font>
						<align>right</align>
						<textcolor>grey2</textcolor>
						<selectedcolor>selected</selectedcolor>
						<label>$INFO[ListItem.Rating]</label>
						<visible>!Skin.HasSetting(Enable.HideRatings) | String.IsEqual(Container.SortMethod,$LOCALIZE[563])</visible>
					</control>
					<control type="image">
						<left>742</left>
						<top>2</top>
						<width>64</width>
						<height>64</height>
						<aspectratio>keep</aspectratio>
						<texture>$VAR[ListItem.Overlay]</texture>
					</control>
				</itemlayout>
				<focusedlayout height="68" width="806" condition="Container.Content(episodes)">
					<control type="image">
						<top>8</top>
						<width>806</width>
						<height>60</height>
						<texture border="1">separator2.png</texture>
					</control>
					<control type="image">
						<width>806</width>
						<height>68</height>
						<texture border="4">listselect_fo.png</texture>
						<visible>Control.HasFocus(501)</visible>
						<include>VisibleFadeAnimation</include>
					</control>
					<control type="label">
						<width>730</width>
						<height>68</height>
						<font>font15</font>
						<selectedcolor>selected</selectedcolor>
						<label>$INFO[ListItem.Label]</label>
						<textoffsetx>15</textoffsetx>
						<animation effect="fade" start="100" end="70" time="300" tween="sine" easing="inout" condition="!Control.HasFocus(501)">Conditional</animation>
					</control>
					<control type="label">
						<left>110</left>
						<width>620</width>
						<height>68</height>
						<font>font15</font>
						<align>right</align>
						<selectedcolor>selected</selectedcolor>
						<label>$INFO[ListItem.Rating]</label>
						<visible>!Skin.HasSetting(Enable.HideRatings) | String.IsEqual(Container.SortMethod,$LOCALIZE[563])</visible>
						<animation effect="fade" start="100" end="70" time="300" tween="sine" easing="inout" condition="!Control.HasFocus(501)">Conditional</animation>
					</control>
					<control type="image">
						<left>742</left>
						<top>2</top>
						<width>64</width>
						<height>64</height>
						<aspectratio>keep</aspectratio>
						<texture>$VAR[ListItem.Overlay]</texture>
					</control>
				</focusedlayout>
			</control>
			<control type="image">
				<left>450</left>
				<top>1040</top>
				<width>806</width>
				<height>40</height>
				<texture flipy="true" border="1">bottom_shadow.png</texture>
			</control>
			<control type="scrollbar" id="50160">
				<left>1256</left>
				<top>734</top>
				<width>14</width>
				<include condition="!Skin.HasSetting(nohighlist)">LowListHeightHigh</include>
				<include condition="Skin.HasSetting(nohighlist)">LowListHeightLow</include>
				<height>517</height>
				<onup>50160</onup>
				<ondown>50160</ondown>
				<onleft>50</onleft>
				<onright>62</onright>
				<texturesliderbackground>scrollbar/texturesliderbackground3.png</texturesliderbackground>
				<texturesliderbar colordiffuse="55ffffff" border="1">scrollbar/texturesliderbar3.png</texturesliderbar>
				<texturesliderbarfocus border="1">scrollbar/texturesliderbar3.png</texturesliderbarfocus>
				<showonepage>false</showonepage>
				<orientation>vertical</orientation>
				<animation effect="slide" end="0,-170" time="120" condition="!Skin.HasSetting(nohighlist)">Conditional</animation>
			</control>
		</control>
	</include>
	<!-- Music LowList -->
	<include name="MusicLowList">
		<control type="group">
			<visible>Control.IsVisible(501) + !Window.IsActive(addoninformation)</visible>
			<include>ViewAnimation</include>
			<control type="image">
				<top>630</top>
				<width>100%</width>
				<height>450</height>
				<texture border="1,32,1,1">bottombar.png</texture>
			</control>
			<control type="group">
				<left>5</left>
				<top>442</top>
				<control type="image">
					<width>440</width>
					<height>640</height>
					<aspectratio aligny="bottom">keep</aspectratio>
					<texture background="true">$INFO[ListItem.Icon]</texture>
					<fadetime>IconCrossfadeTime</fadetime>
					<bordertexture border="20">thumbs/thumb_shadow.png</bordertexture>
					<bordersize>20</bordersize>
				</control>
			</control>
			<control type="grouplist">
				<left>1270</left>
				<top>652</top>
				<width>650</width>
				<height>427</height>
				<usecontrolcoords>true</usecontrolcoords>
				<control type="image">
					<top>8</top>
					<left>15</left>
					<width>650</width>
					<height>55</height>
					<aspectratio align="left">keep</aspectratio>
					<colordiffuse>themecolor</colordiffuse>
					<texture>$INFO[ListItem.UserRating,flags/rating/,.png]</texture>
					<visible>!ListItem.IsParentFolder + !String.IsEmpty(ListItem.UserRating)</visible>
				</control>
				<control type="image">
					<top>8</top>
					<left>15</left>
					<width>650</width>
					<height>55</height>
					<aspectratio align="left">keep</aspectratio>
					<colordiffuse>grey2</colordiffuse>
					<texture fallback="flags/rating/0.png">$INFO[ListItem.Rating,rating,.png]</texture>
					<visible>!ListItem.IsParentFolder</visible>
				</control>
				<control type="image">
					<top>-52</top>
					<width>650</width>
					<height>60</height>
					<colordiffuse>grey2</colordiffuse>
					<texture border="1">separator2.png</texture>
				</control>
				<control type="button">
					<label>[COLOR labelheader]$LOCALIZE[557]:[/COLOR][CR]$INFO[ListItem.Artist]</label>
					<width>650</width>
					<include>ShowCaseInfoPanelButtonsValues</include>
					<visible>!String.IsEmpty(ListItem.Artist)</visible>
				</control>
				<control type="button">
					<label>[COLOR labelheader]$LOCALIZE[515]:[/COLOR][CR]$INFO[ListItem.Genre]</label>
					<width>650</width>
					<include>ShowCaseInfoPanelButtonsValues</include>
					<visible>!String.IsEmpty(ListItem.Genre) + !Container.Content(artists)</visible>
				</control>
				<control type="button">
					<label>[COLOR labelheader]$LOCALIZE[21899]:[/COLOR][CR]$INFO[ListItem.Property(Album_Label)]</label>
					<width>650</width>
					<include>ShowCaseInfoPanelButtonsValues</include>
					<visible>!String.IsEmpty(ListItem.Property(Album_Label)) + !Container.Content(artists)</visible>
				</control>
				<control type="button">
					<label>[COLOR labelheader]$LOCALIZE[175]:[/COLOR][CR]$INFO[ListItem.Property(Album_Mood)]</label>
					<width>650</width>
					<include>ShowCaseInfoPanelButtonsValues</include>
					<visible>!String.IsEmpty(ListItem.Property(Album_Mood)) + !Container.Content(artists)</visible>
				</control>
				<control type="button">
					<label>[COLOR labelheader]$LOCALIZE[176]:[/COLOR][CR]$INFO[ListItem.Property(Album_Style)]</label>
					<width>650</width>
					<include>ShowCaseInfoPanelButtonsValues</include>
					<visible>!String.IsEmpty(ListItem.Property(Album_Style)) + !Container.Content(artists)</visible>
				</control>
				<control type="button">
					<label>[COLOR labelheader]$LOCALIZE[180]:[/COLOR][CR]$VAR[DurationMinutesVar]</label>
					<width>650</width>
					<include>ShowCaseInfoPanelButtonsValues</include>
					<visible>!String.IsEmpty(ListItem.Duration)</visible>
				</control>
				<control type="button">
					<label>[COLOR labelheader]$LOCALIZE[21894]:[/COLOR][CR]$INFO[ListItem.Property(Artist_Formed)]</label>
					<width>650</width>
					<include>ShowCaseInfoPanelButtonsValues</include>
					<visible>!String.IsEmpty(ListItem.Property(Artist_Formed)) + String.IsEmpty(ListItem.Property(Artist_Genre))</visible>
				</control>
				<control type="button">
					<label>[COLOR labelheader]$LOCALIZE[21893]:[/COLOR][CR]$INFO[ListItem.Property(Artist_Born)]</label>
					<width>650</width>
					<include>ShowCaseInfoPanelButtonsValues</include>
					<visible>!String.IsEmpty(ListItem.Property(Artist_Born)) + String.IsEmpty(ListItem.Property(Artist_Genre))</visible>
				</control>
				<control type="button">
					<label>[COLOR labelheader]$LOCALIZE[515]:[/COLOR][CR]$INFO[ListItem.Property(Artist_Genre)]</label>
					<width>650</width>
					<include>ShowCaseInfoPanelButtonsValues</include>
					<visible>!String.IsEmpty(ListItem.Property(Artist_Genre))</visible>
				</control>
				<control type="textbox">
					<label>[COLOR labelheader]$LOCALIZE[569]:[/COLOR][CR]$INFO[ListItem.Comment]</label>
					<left>15</left>
					<width>615</width>
					<height>180</height>
					<font>font14_textbox</font>
					<pagecontrol>62</pagecontrol>
					<include>ShowCaseInfoPanelButtonsValues</include>
					<autoscroll time="3000" delay="4000" repeat="5000">Skin.HasSetting(Enable.AutoScroll) + !Control.HasFocus(62)</autoscroll>
					<visible>!String.IsEmpty(ListItem.Comment)</visible>
				</control>
			</control>
			<control type="fixedlist" id="501">
				<left>450</left>
				<top>652</top>
				<width>976</width>
				<height>427</height>
				<onleft>SetProperty(MediaMenu,True,home)</onleft>
				<onleft>SetFocus(9050)</onleft>
				<onright>50160</onright>
				<onup>501</onup>
				<ondown>501</ondown>
				<movement>5</movement>
				<pagecontrol>50160</pagecontrol>
				<viewtype label="LowList">list</viewtype>
				<visible>Container.Content(albums) | Container.Content(artists) | Container.Content(songs)</visible>
				<scrolltime tween="quadratic" easing="out">200</scrolltime>
				<itemlayout height="68" width="806" condition="Container.Content(albums)">
					<control type="image">
						<top>8</top>
						<width>806</width>
						<height>60</height>
						<texture border="1">separator2.png</texture>
					</control>
					<control type="label">
						<left>15</left>
						<width>90</width>
						<height>68</height>
						<font>font15</font>
						<textcolor>labelheader</textcolor>
						<selectedcolor>selected</selectedcolor>
						<label fallback="• • • •">$INFO[ListItem.Year]</label>
						<visible>!String.IsEmpty(ListItem.Album)</visible>
					</control>
					<control type="label">
						<left>110</left>
						<width>620</width>
						<height>68</height>
						<font>font15</font>
						<textcolor>grey2</textcolor>
						<selectedcolor>selected</selectedcolor>
						<label>$INFO[ListItem.Label]</label>
					</control>
				</itemlayout>
				<focusedlayout height="68" width="806" condition="Container.Content(albums)">
					<control type="image">
						<top>8</top>
						<width>806</width>
						<height>60</height>
						<texture border="1">separator2.png</texture>
					</control>
					<control type="image">
						<width>806</width>
						<height>68</height>
						<texture border="4">listselect_fo.png</texture>
						<visible>Control.HasFocus(501)</visible>
						<include>VisibleFadeAnimation</include>
					</control>
					<control type="label">
						<left>15</left>
						<width>90</width>
						<height>68</height>
						<font>font15</font>
						<selectedcolor>selected</selectedcolor>
						<label fallback="• • • •">$INFO[ListItem.Year]</label>
						<animation effect="fade" start="100" end="70" time="300" tween="sine" easing="inout" condition="!Control.HasFocus(501)">Conditional</animation>
						<visible>!String.IsEmpty(ListItem.Album)</visible>
					</control>
					<control type="label">
						<left>110</left>
						<width>620</width>
						<height>68</height>
						<font>font15</font>
						<selectedcolor>selected</selectedcolor>
						<label>$INFO[ListItem.Label]</label>
						<animation effect="fade" start="100" end="70" time="300" tween="sine" easing="inout" condition="!Control.HasFocus(501)">Conditional</animation>
					</control>
				</focusedlayout>
				<itemlayout height="68" width="806" condition="Container.Content(songs)">
					<control type="image">
						<top>8</top>
						<width>806</width>
						<height>60</height>
						<texture border="1">separator2.png</texture>
					</control>
					<control type="label">
						<left>15</left>
						<width>60</width>
						<height>68</height>
						<font>font15</font>
						<textcolor>labelheader</textcolor>
						<selectedcolor>selected</selectedcolor>
						<label fallback="• •">$INFO[ListItem.TrackNumber]</label>
						<visible>!ListItem.IsParentFolder</visible>
					</control>
					<control type="label">
						<left>65</left>
						<width>545</width>
						<height>68</height>
						<font>font15</font>
						<textcolor>grey2</textcolor>
						<selectedcolor>selected</selectedcolor>
						<label>$INFO[ListItem.Title]</label>
						<visible>!ListItem.IsParentFolder</visible>
					</control>
					<control type="label">
						<left>65</left>
						<width>545</width>
						<height>68</height>
						<font>font15</font>
						<textcolor>grey2</textcolor>
						<selectedcolor>selected</selectedcolor>
						<label>$INFO[ListItem.Label]</label>
						<visible>String.IsEmpty(ListItem.Title)</visible>
					</control>
					<control type="image">
						<left>610</left>
						<top>17</top>
						<width>180</width>
						<height>34</height>
						<aspectratio>keep</aspectratio>
						<colordiffuse>grey3</colordiffuse>
						<texture>flags/rating/0.png</texture>
						<visible>!ListItem.IsParentFolder + ![ListItem.IsPlaying | ListItem.IsSelected] + String.IsEmpty(ListItem.UserRating)</visible>
					</control>
					<control type="image">
						<left>610</left>
						<top>17</top>
						<width>180</width>
						<height>34</height>
						<aspectratio>keep</aspectratio>
						<colordiffuse>themecolor</colordiffuse>
						<texture>$INFO[ListItem.UserRating,flags/rating/,.png]</texture>
						<visible>!ListItem.IsParentFolder + ![ListItem.IsPlaying | ListItem.IsSelected] + !String.IsEmpty(ListItem.UserRating)</visible>
					</control>
					<control type="image">
						<left>610</left>
						<top>17</top>
						<width>180</width>
						<height>34</height>
						<aspectratio>keep</aspectratio>
						<colordiffuse>selected</colordiffuse>
						<texture fallback="flags/rating/0.png">$INFO[ListItem.UserRating,flags/rating/,.png]</texture>
						<visible>!ListItem.IsParentFolder + [ListItem.IsPlaying | ListItem.IsSelected]</visible>
					</control>
				</itemlayout>
				<focusedlayout height="68" width="806" condition="Container.Content(songs)">
					<control type="image">
						<top>8</top>
						<width>806</width>
						<height>60</height>
						<texture border="1">separator2.png</texture>
					</control>
					<control type="image">
						<width>806</width>
						<height>68</height>
						<texture border="4">listselect_fo.png</texture>
						<visible>Control.HasFocus(501)</visible>
						<include>VisibleFadeAnimation</include>
					</control>
					<control type="label">
						<left>15</left>
						<width>60</width>
						<height>68</height>
						<font>font15</font>
						<selectedcolor>selected</selectedcolor>
						<label fallback="• •">$INFO[ListItem.TrackNumber]</label>
						<visible>!ListItem.IsParentFolder</visible>
						<animation effect="fade" start="100" end="70" time="300" tween="sine" easing="inout" condition="!Control.HasFocus(501)">Conditional</animation>
					</control>
					<control type="label">
						<left>65</left>
						<width>545</width>
						<height>68</height>
						<font>font15</font>
						<selectedcolor>selected</selectedcolor>
						<label>$INFO[ListItem.Title]</label>
						<animation effect="fade" start="100" end="70" time="300" tween="sine" easing="inout" condition="!Control.HasFocus(501)">Conditional</animation>
						<visible>!ListItem.IsParentFolder</visible>
					</control>
					<control type="label">
						<left>65</left>
						<width>545</width>
						<height>68</height>
						<font>font15</font>
						<selectedcolor>selected</selectedcolor>
						<label>$INFO[ListItem.Label]</label>
						<animation effect="fade" start="100" end="70" time="300" tween="sine" easing="inout" condition="!Control.HasFocus(501)">Conditional</animation>
						<visible>String.IsEmpty(ListItem.Title)</visible>
					</control>
					<control type="image">
						<left>610</left>
						<top>17</top>
						<width>180</width>
						<height>34</height>
						<aspectratio>keep</aspectratio>
						<colordiffuse>$VAR[StarRatingDiffuseVar]</colordiffuse>
						<texture fallback="rating0.png">$INFO[ListItem.UserRating,flags/rating/,.png]</texture>
						<visible>!ListItem.IsParentFolder</visible>
						<animation effect="fade" start="100" end="70" time="300" tween="sine" easing="inout" condition="!Control.HasFocus(55)">Conditional</animation>
					</control>
				</focusedlayout>
				<itemlayout height="68" width="806" condition="![Container.Content(albums) | Container.Content(songs)]">
					<control type="image">
						<top>8</top>
						<width>806</width>
						<height>60</height>
						<texture border="1">separator2.png</texture>
					</control>
					<control type="label">
						<left>15</left>
						<width>775</width>
						<height>68</height>
						<font>font15</font>
						<textcolor>grey2</textcolor>
						<selectedcolor>selected</selectedcolor>
						<label>$INFO[ListItem.Label]</label>
					</control>
					<control type="label">
						<left>110</left>
						<width>680</width>
						<height>68</height>
						<font>font15</font>
						<align>right</align>
						<textcolor>grey2</textcolor>
						<selectedcolor>selected</selectedcolor>
						<label>$INFO[ListItem.Label2]</label>
					</control>
				</itemlayout>
				<focusedlayout height="68" width="806" condition="![Container.Content(albums) | Container.Content(songs)]">
					<control type="image">
						<top>8</top>
						<width>806</width>
						<height>60</height>
						<texture border="1">separator2.png</texture>
					</control>
					<control type="image">
						<width>806</width>
						<height>68</height>
						<texture border="4">listselect_fo.png</texture>
						<visible>Control.HasFocus(501)</visible>
						<include>VisibleFadeAnimation</include>
					</control>
					<control type="label">
						<left>15</left>
						<width>775</width>
						<height>68</height>
						<font>font15</font>
						<selectedcolor>selected</selectedcolor>
						<label>$INFO[ListItem.Label]</label>
						<animation effect="fade" start="100" end="70" time="300" tween="sine" easing="inout" condition="!Control.HasFocus(501)">Conditional</animation>
					</control>
					<control type="label">
						<left>110</left>
						<width>680</width>
						<height>68</height>
						<font>font15</font>
						<align>right</align>
						<selectedcolor>selected</selectedcolor>
						<label>$INFO[ListItem.label2]</label>
						<animation effect="fade" start="100" end="70" time="300" tween="sine" easing="inout" condition="!Control.HasFocus(501)">Conditional</animation>
					</control>
				</focusedlayout>
			</control>
			<control type="scrollbar" id="50160">
				<left>1256</left>
				<top>652</top>
				<width>14</width>
				<height>427</height>
				<onup>50160</onup>
				<ondown>50160</ondown>
				<onleft>50</onleft>
				<onright>62</onright>
				<texturesliderbackground>scrollbar/texturesliderbackground3.png</texturesliderbackground>
				<texturesliderbar colordiffuse="55ffffff" border="1">scrollbar/texturesliderbar3.png</texturesliderbar>
				<texturesliderbarfocus border="1">scrollbar/texturesliderbar3.png</texturesliderbarfocus>
				<showonepage>false</showonepage>
				<orientation>vertical</orientation>
			</control>
		</control>
	</include>
	<include name="LowListHeightHigh">
		<height>517</height>
		<movement>6</movement>
	</include>
	<include name="LowListHeightLow">
		<height>347</height>
		<movement>4</movement>
	</include>
</includes>