<?xml version="1.0" encoding="UTF-8"?>
<includes>
	<include name="BigListPoster">
		<control type="group">
			<left>1823</left>
			<top>155</top>
			<include>VisibleFadeAnimation</include>
			<control type="image">
				<width>570</width>
				<height>835</height>
				<aspectratio aligny="bottom">keep</aspectratio>
				<texture background="true">$VAR[PosterThumb]</texture>
				<fadetime>IconCrossfadeTime</fadetime>
				<bordertexture border="20">thumbs/thumb_shadow.png</bordertexture>
				<bordersize>20</bordersize>
			</control>
			<control type="image">
				<top>795</top>
				<width>570</width>
				<height>835</height>
				<aspectratio aligny="top">keep</aspectratio>
				<fadetime>IconCrossfadeTime</fadetime>
				<texture diffuse="thumbs/thumb_reflect.png" flipy="true" background="true">$VAR[PosterThumb]</texture>
				<bordersize>20</bordersize>
			</control>
		</control>
	</include>
	<include name="Video_510_BigList">
		<control type="group">
			<visible>Control.IsVisible(510) + !Window.IsActive(addoninformation)</visible>
			<include>ViewAnimation</include>
			<control type="group">
				<left>100</left>
				<top>-20</top>
				<control type="image">
					<description>background image</description>
					<left>-32</left>
					<top>1020</top>
					<width>1788</width>
					<height>934</height>
					<texture border="40">panel_reflect.png</texture>
				</control>
				<control type="image">
					<description>background image</description>
					<left>-32</left>
					<top>118</top>
					<width>1788</width>
					<height>934</height>
					<texture border="40">listpanel_back.png</texture>
				</control>
				<control type="list" id="510">
					<viewtype label="BigList">biglist</viewtype>
					<top>151</top>
					<width>1725</width>
					<height>868</height>
					<onleft>SetProperty(MediaMenu,True,home)</onleft>
					<onleft>SetFocus(9050)</onleft>
					<onright>51060</onright>
					<onup>510</onup>
					<ondown>510</ondown>
					<preloaditems>2</preloaditems>
					<pagecontrol>51060</pagecontrol>
					<orientation>vertical</orientation>
					<scrolltime tween="quadratic" easing="out">300</scrolltime>
					<visible>[Container.Content(movies) | Container.Content(tvshows) | Container.Content(episodes)]</visible>
					<itemlayout width="1808" height="217" condition="Container.Content(movies)">
						<control type="image">
							<width>1725</width>
							<height>217</height>
							<texture border="5">separator2.png</texture>
						</control>
						<control type="image">
							<left>12</left>
							<top>11</top>
							<width>346</width>
							<height>195</height>
							<texture background="true">$VAR[LandscapeItem0Var]</texture>
							<aspectratio>scale</aspectratio>
							<bordertexture border="2">thumbs/panel_border3.png</bordertexture>
							<bordersize>2</bordersize>
						</control>
						<control type="group">
							<left>375</left>
							<top>10</top>
							<control type="label">
								<width>1290</width>
								<height>45</height>
								<label>$INFO[ListItem.Label]$INFO[ListItem.Year, (,)]</label>
								<font>font16_title_bold</font>
								<textcolor>grey</textcolor>
							</control>
							<control type="image">
								<top>40</top>
								<width>180</width>
								<height>70</height>
								<aspectratio>keep</aspectratio>
								<colordiffuse>grey</colordiffuse>
								<texture fallback="flags/rating/0.0.png">$INFO[ListItem.Rating,flags/rating/,.png]</texture>
								<visible>!ListItem.IsParentFolder + String.IsEmpty(ListItem.UserRating)</visible>
							</control>
							<control type="image">
								<top>40</top>
								<width>180</width>
								<height>70</height>
								<aspectratio>keep</aspectratio>
								<colordiffuse>themecolor</colordiffuse>
								<texture>$INFO[ListItem.UserRating,flags/rating/,.png]</texture>
								<visible>!ListItem.IsParentFolder + !String.IsEmpty(ListItem.UserRating)</visible>
							</control>
							<control type="label">
								<top>55</top>
								<width>1330</width>
								<height>35</height>
								<label>$VAR[DurationMinutesVar,, $LOCALIZE[31162]]$INFO[ListItem.Genre,[COLOR=themecolor] - [/COLOR]]</label>
								<align>right</align>
								<font>font14</font>
								<textcolor>grey2</textcolor>
							</control>
							<control type="textbox">
								<top>95</top>
								<width>1330</width>
								<height>108</height>
								<label>$VAR[BigListPlotVar]</label>
								<autoscroll>false</autoscroll>
								<font>font14_textbox</font>
								<textcolor>grey</textcolor>
							</control>
						</control>
						<control type="image">
							<left>1656</left>
							<width>64</width>
							<height>64</height>
							<aspectratio>keep</aspectratio>
							<texture>$VAR[ListItem.Overlay]</texture>
						</control>
					</itemlayout>
					<focusedlayout width="1808" height="217" condition="Container.Content(movies)">
						<control type="image">
							<width>1725</width>
							<height>217</height>
							<texture border="5">separator2.png</texture>
						</control>
						<control type="image">
							<width>1725</width>
							<height>217</height>
							<texture border="4">listselect_fo.png</texture>
							<visible>Control.HasFocus(510)</visible>
							<include>VisibleFadeAnimation</include>
							<animation type="Focus" reversible="false" condition="Container(510).OnPrevious">
								<effect type="slide" start="0,217" end="0,0" time="300" tween="quadratic" easing="out" />
							</animation>
							<animation type="Focus" reversible="false" condition="Container(510).OnNext">
								<effect type="slide" start="0,-217" end="0,0" time="300" tween="quadratic" easing="out" />
							</animation>
							<animation type="UnFocus" reversible="false">
								<effect type="fade" end="0" start="100" time="0" tween="sine" easing="in" />
							</animation>
						</control>
						<control type="image">
							<left>12</left>
							<top>11</top>
							<width>346</width>
							<height>195</height>
							<texture background="true">$VAR[LandscapeItem0Var]</texture>
							<aspectratio>scale</aspectratio>
							<bordertexture border="2">thumbs/panel_border3.png</bordertexture>
							<bordersize>2</bordersize>
						</control>
						<control type="group">
							<left>375</left>
							<top>10</top>
							<animation type="Focus" reversible="false">
								<effect type="fade" start="66" end="100" time="150" tween="sine" easing="in" />
							</animation>
							<animation type="UnFocus" reversible="false">
								<effect type="fade" end="66" start="100" time="150" tween="sine" easing="in" />
							</animation>
							<control type="label">
								<width>1290</width>
								<height>45</height>
								<label>$INFO[ListItem.Label]$INFO[ListItem.Year, (,)]</label>
								<font>font16_title_bold</font>
							</control>
							<control type="image">
								<top>40</top>
								<width>180</width>
								<height>70</height>
								<aspectratio>keep</aspectratio>
								<texture fallback="flags/rating/0.0.png">$INFO[ListItem.Rating,flags/rating/,.png]</texture>
								<visible>!ListItem.IsParentFolder + String.IsEmpty(ListItem.UserRating)</visible>
							</control>
							<control type="image">
								<top>40</top>
								<width>180</width>
								<height>70</height>
								<aspectratio>keep</aspectratio>
								<colordiffuse>themecolor</colordiffuse>
								<texture>$INFO[ListItem.UserRating,flags/rating/,.png]</texture>
								<visible>!ListItem.IsParentFolder + !String.IsEmpty(ListItem.UserRating)</visible>
							</control>
							<control type="label">
								<top>55</top>
								<width>1330</width>
								<height>35</height>
								<label>$VAR[DurationMinutesVar,, $LOCALIZE[31162]]$INFO[ListItem.Genre,[COLOR=themecolor] - [/COLOR]]</label>
								<align>right</align>
								<font>font14</font>
							</control>
							<control type="textbox">
								<top>95</top>
								<width>1330</width>
								<height>108</height>
								<label>$VAR[BigListPlotVar]</label>
								<font>font14_textbox</font>
								<autoscroll time="3500" delay="4000" repeat="5000">Skin.HasSetting(Enable.AutoScroll)</autoscroll>
							</control>
						</control>
						<control type="image">
							<left>1656</left>
							<width>64</width>
							<height>64</height>
							<aspectratio>keep</aspectratio>
							<texture>$VAR[ListItem.Overlay]</texture>
						</control>
					</focusedlayout>
					<itemlayout width="1808" height="217" condition="Container.Content(tvshows)">
						<control type="image">
							<width>1725</width>
							<height>217</height>
							<texture border="5">separator2.png</texture>
						</control>
						<control type="image">
							<left>12</left>
							<top>11</top>
							<width>346</width>
							<height>195</height>
							<texture background="true">$VAR[LandscapeItem0Var]</texture>
							<aspectratio>scale</aspectratio>
							<bordertexture border="2">thumbs/panel_border3.png</bordertexture>
							<bordersize>2</bordersize>
						</control>
						<control type="group">
							<left>375</left>
							<top>10</top>
							<control type="label">
								<width>1290</width>
								<height>45</height>
								<label>$INFO[ListItem.Label]</label>
								<font>font16_title_bold</font>
								<textcolor>grey</textcolor>
							</control>
							<control type="label">
								<top>45</top>
								<width>980</width>
								<height>50</height>
								<label>$INFO[ListItem.Genre]</label>
								<font>font14</font>
								<textcolor>grey2</textcolor>
							</control>
							<control type="label">
								<top>55</top>
								<width>1330</width>
								<height>35</height>
								<label>$INFO[ListItem.Premiered]$INFO[ListItem.Studio,[COLOR=themecolor] - [/COLOR]]</label>
								<align>right</align>
								<font>font14</font>
								<textcolor>grey2</textcolor>
							</control>
							<control type="textbox">
								<top>95</top>
								<width>1330</width>
								<height>108</height>
								<label>$VAR[BigListPlotVar]</label>
								<autoscroll>false</autoscroll>
								<font>font14_textbox</font>
								<textcolor>grey</textcolor>
							</control>
						</control>
						<control type="image">
							<left>1656</left>
							<width>64</width>
							<height>64</height>
							<aspectratio>keep</aspectratio>
							<texture>$VAR[ListItem.Overlay]</texture>
						</control>
						<control type="group">
							<left>20</left>
							<top>20</top>
							<include condition="Skin.HasSetting(Disable.UnwatchedIcon)">UnwatchedIcon</include>
						</control>
					</itemlayout>
					<focusedlayout width="1808" height="217" condition="Container.Content(tvshows)">
						<control type="image">
							<width>1725</width>
							<height>217</height>
							<texture border="5">separator2.png</texture>
						</control>
						<control type="image">
							<width>1725</width>
							<height>217</height>
							<texture border="4">listselect_fo.png</texture>
							<visible>Control.HasFocus(510)</visible>
							<include>VisibleFadeAnimation</include>
							<animation type="Focus" reversible="false" condition="Container(510).OnPrevious">
								<effect type="slide" start="0,217" end="0,0" time="300" tween="quadratic" easing="out" />
							</animation>
							<animation type="Focus" reversible="false" condition="Container(510).OnNext">
								<effect type="slide" start="0,-217" end="0,0" time="300" tween="quadratic" easing="out" />
							</animation>
							<animation type="UnFocus" reversible="false">
								<effect type="fade" end="0" start="100" time="0" tween="sine" easing="in" />
							</animation>
						</control>
						<control type="image">
							<left>12</left>
							<top>11</top>
							<width>346</width>
							<height>195</height>
							<texture background="true">$VAR[LandscapeItem0Var]</texture>
							<aspectratio>scale</aspectratio>
							<bordertexture border="2">thumbs/panel_border3.png</bordertexture>
							<bordersize>2</bordersize>
						</control>
						<control type="group">
							<left>375</left>
							<top>10</top>
							<animation type="Focus" reversible="false">
								<effect type="fade" start="66" end="100" time="150" tween="sine" easing="in" />
							</animation>
							<animation type="UnFocus" reversible="false">
								<effect type="fade" end="66" start="100" time="150" tween="sine" easing="in" />
							</animation>
							<control type="label">
								<width>1290</width>
								<height>45</height>
								<label>$INFO[ListItem.Label]</label>
								<font>font16_title_bold</font>
							</control>
							<control type="label">
								<top>45</top>
								<width>980</width>
								<height>50</height>
								<label>$INFO[ListItem.Genre]</label>
								<font>font14</font>
								<textcolor>grey</textcolor>
							</control>
							<control type="label">
								<top>55</top>
								<width>1330</width>
								<height>35</height>
								<label>$INFO[ListItem.Premiered]$INFO[ListItem.Studio,[COLOR=themecolor] - [/COLOR]]</label>
								<align>right</align>
								<font>font14</font>
								<textcolor>grey</textcolor>
							</control>
							<control type="textbox">
								<top>95</top>
								<width>1330</width>
								<height>108</height>
								<label>$VAR[BigListPlotVar]</label>
								<font>font14_textbox</font>
								<autoscroll time="3500" delay="4000" repeat="5000">Skin.HasSetting(Enable.AutoScroll)</autoscroll>
							</control>
						</control>
						<control type="image">
							<left>1656</left>
							<width>64</width>
							<height>64</height>
							<aspectratio>keep</aspectratio>
							<texture>$VAR[ListItem.Overlay]</texture>
						</control>
						<control type="group">
							<left>20</left>
							<top>20</top>
							<include condition="Skin.HasSetting(Disable.UnwatchedIcon)">UnwatchedIcon</include>
						</control>
					</focusedlayout>
					<itemlayout width="1808" height="217" condition="Container.Content(episodes)">
						<control type="image">
							<width>1725</width>
							<height>217</height>
							<texture border="5">separator2.png</texture>
						</control>
						<control type="image">
							<left>12</left>
							<top>11</top>
							<width>346</width>
							<height>195</height>
							<texture background="true">$VAR[LandscapeItem0Var]</texture>
							<aspectratio>scale</aspectratio>
							<bordertexture border="2">thumbs/panel_border3.png</bordertexture>
							<bordersize>2</bordersize>
						</control>
						<control type="group">
							<left>375</left>
							<top>10</top>
							<control type="label">
								<width>1290</width>
								<height>45</height>
								<label>$INFO[ListItem.Label]</label>
								<font>font16_title_bold</font>
								<textcolor>grey</textcolor>
							</control>
							<control type="image">
								<top>40</top>
								<width>180</width>
								<height>70</height>
								<aspectratio>keep</aspectratio>
								<colordiffuse>grey</colordiffuse>
								<texture fallback="flags/rating/0.0.png">$INFO[ListItem.Rating,flags/rating/,.png]</texture>
								<visible>!ListItem.IsParentFolder + String.IsEmpty(ListItem.UserRating)</visible>
							</control>
							<control type="image">
								<top>40</top>
								<width>180</width>
								<height>70</height>
								<aspectratio>keep</aspectratio>
								<colordiffuse>themecolor</colordiffuse>
								<texture>$INFO[ListItem.UserRating,flags/rating/,.png]</texture>
								<visible>!ListItem.IsParentFolder + !String.IsEmpty(ListItem.UserRating)</visible>
							</control>
							<control type="label">
								<top>55</top>
								<width>1330</width>
								<height>35</height>
								<label>$VAR[DurationMinutesVar,, $LOCALIZE[31162][COLOR=themecolor] - [/COLOR]]$INFO[ListItem.Premiered]</label>
								<align>right</align>
								<font>font14</font>
								<textcolor>grey2</textcolor>
							</control>
							<control type="textbox">
								<top>95</top>
								<width>1330</width>
								<height>108</height>
								<label>$VAR[BigListPlotVar]</label>
								<autoscroll>false</autoscroll>
								<font>font14_textbox</font>
								<textcolor>grey</textcolor>
							</control>
						</control>
						<control type="image">
							<left>1656</left>
							<width>64</width>
							<height>64</height>
							<aspectratio>keep</aspectratio>
							<texture>$VAR[ListItem.Overlay]</texture>
						</control>
					</itemlayout>
					<focusedlayout width="1808" height="217" condition="Container.Content(episodes)">
						<control type="image">
							<width>1725</width>
							<height>217</height>
							<texture border="5">separator2.png</texture>
						</control>
						<control type="image">
							<width>1725</width>
							<height>217</height>
							<texture border="4">listselect_fo.png</texture>
							<visible>Control.HasFocus(510)</visible>
							<include>VisibleFadeAnimation</include>
							<animation type="Focus" reversible="false" condition="Container(510).OnPrevious">
								<effect type="slide" start="0,217" end="0,0" time="300" tween="quadratic" easing="out" />
							</animation>
							<animation type="Focus" reversible="false" condition="Container(510).OnNext">
								<effect type="slide" start="0,-217" end="0,0" time="300" tween="quadratic" easing="out" />
							</animation>
							<animation type="UnFocus" reversible="false">
								<effect type="fade" end="0" start="100" time="0" tween="sine" easing="in" />
							</animation>
						</control>
						<control type="image">
							<left>12</left>
							<top>11</top>
							<width>346</width>
							<height>195</height>
							<texture background="true">$VAR[LandscapeItem0Var]</texture>
							<aspectratio>scale</aspectratio>
							<bordertexture border="2">thumbs/panel_border3.png</bordertexture>
							<bordersize>2</bordersize>
						</control>
						<control type="group">
							<left>375</left>
							<top>10</top>
							<animation type="Focus" reversible="false">
								<effect type="fade" start="66" end="100" time="150" tween="sine" easing="in" />
							</animation>
							<animation type="UnFocus" reversible="false">
								<effect type="fade" end="66" start="100" time="150" tween="sine" easing="in" />
							</animation>
							<control type="label">
								<width>1290</width>
								<height>45</height>
								<label>$INFO[ListItem.Label]</label>
								<font>font16_title_bold</font>
							</control>
							<control type="image">
								<top>40</top>
								<width>180</width>
								<height>70</height>
								<aspectratio>keep</aspectratio>
								<texture fallback="flags/rating/0.0.png">$INFO[ListItem.Rating,flags/rating/,.png]</texture>
								<visible>!ListItem.IsParentFolder + String.IsEmpty(ListItem.UserRating)</visible>
							</control>
							<control type="image">
								<top>40</top>
								<width>180</width>
								<height>70</height>
								<aspectratio>keep</aspectratio>
								<colordiffuse>themecolor</colordiffuse>
								<texture>$INFO[ListItem.UserRating,flags/rating/,.png]</texture>
								<visible>!ListItem.IsParentFolder + !String.IsEmpty(ListItem.UserRating)</visible>
							</control>
							<control type="label">
								<top>55</top>
								<width>1330</width>
								<height>35</height>
								<label>$VAR[DurationMinutesVar,, $LOCALIZE[31162][COLOR=themecolor] - [/COLOR]]$INFO[ListItem.Premiered]</label>
								<align>right</align>
								<font>font14</font>
								<textcolor>grey</textcolor>
							</control>
							<control type="textbox">
								<top>95</top>
								<width>1330</width>
								<height>108</height>
								<label>$VAR[BigListPlotVar]</label>
								<font>font14_textbox</font>
								<autoscroll time="3500" delay="4000" repeat="5000">Skin.HasSetting(Enable.AutoScroll)</autoscroll>
							</control>
						</control>
						<control type="image">
							<left>1656</left>
							<width>64</width>
							<height>64</height>
							<aspectratio>keep</aspectratio>
							<texture>$VAR[ListItem.Overlay]</texture>
						</control>
					</focusedlayout>
				</control>
				<control type="scrollbar" id="51060">
					<left>1725</left>
					<top>151</top>
					<width>12</width>
					<height>868</height>
					<onup>51060</onup>
					<ondown>51060</ondown>
					<onleft>510</onleft>
					<onright>SetProperty(MediaMenu,True,home)</onright>
					<onright>SetFocus(9050)</onright>
					<texturesliderbackground />
					<texturesliderbar colordiffuse="55ffffff" border="1">scrollbar/texturesliderbar2.png</texturesliderbar>
					<texturesliderbarfocus border="1">scrollbar/texturesliderbar2.png</texturesliderbarfocus>
					<showonepage>false</showonepage>
					<orientation>vertical</orientation>
				</control>
				<include condition="String.IsEqual(Skin.AspectRatio,21:9)">BigListPoster</include>
			</control>
		</control>
	</include>
	<include name="Music_510_BigList">
		<control type="group">
			<visible>Control.IsVisible(510) + !Window.IsActive(addoninformation)</visible>
			<include>ViewAnimation</include>
			<control type="group">
				<left>100</left>
				<top>-20</top>
				<control type="image">
					<description>background image</description>
					<left>-32</left>
					<top>870</top>
					<width>1788</width>
					<height>934</height>
					<texture border="40">panel_reflect.png</texture>
				</control>
				<control type="image">
					<description>background image</description>
					<left>-32</left>
					<top>118</top>
					<width>1788</width>
					<height>934</height>
					<texture border="40">listpanel_back.png</texture>
				</control>
				<control type="list" id="510">
					<viewtype label="BigList">biglist</viewtype>
					<top>151</top>
					<width>1725</width>
					<height>868</height>
					<onleft>SetProperty(MediaMenu,True,home)</onleft>
					<onleft>SetFocus(9050)</onleft>
					<onright>51060</onright>
					<onup>510</onup>
					<ondown>510</ondown>
					<preloaditems>2</preloaditems>
					<pagecontrol>51060</pagecontrol>
					<orientation>vertical</orientation>
					<scrolltime tween="quadratic" easing="out">300</scrolltime>
					<visible>Container.Content(artists) | Container.Content(albums)</visible>
					<itemlayout width="1725" height="217" condition="Container.Content(artists)">
						<control type="image">
							<width>1725</width>
							<height>217</height>
							<texture border="5">separator2.png</texture>
						</control>
						<control type="image">
							<left>12</left>
							<top>11</top>
							<width>195</width>
							<height>195</height>
							<aspectratio>stretch</aspectratio>
							<texture background="true">$INFO[ListItem.Icon]</texture>
							<bordertexture border="2">thumbs/panel_border3.png</bordertexture>
							<bordersize>2</bordersize>
						</control>
						<control type="group">
							<left>225</left>
							<top>10</top>
							<control type="label">
								<width>1470</width>
								<height>50</height>
								<label>$INFO[ListItem.Label]</label>
								<font>font16_title_bold</font>
								<textcolor>grey</textcolor>
							</control>
							<control type="label">
								<top>45</top>
								<width>980</width>
								<height>50</height>
								<label>$INFO[ListItem.Genre]</label>
								<font>font14</font>
								<textcolor>grey2</textcolor>
							</control>
							<control type="label">
								<top>55</top>
								<width>1480</width>
								<height>35</height>
								<label>$INFO[ListItem.Property(Artist_YearsActive)]</label>
								<align>right</align>
								<font>font14</font>
								<textcolor>grey2</textcolor>
							</control>
							<control type="textbox">
								<top>95</top>
								<width>1480</width>
								<height>108</height>
								<label>$VAR[OtherPlotVar]</label>
								<autoscroll>false</autoscroll>
								<font>font14_textbox</font>
								<textcolor>grey</textcolor>
								<visible>!ListItem.IsParentFolder</visible>
							</control>
						</control>
					</itemlayout>
					<focusedlayout width="1725" height="217" condition="Container.Content(artists)">
						<control type="image">
							<width>1725</width>
							<height>217</height>
							<texture border="5">separator2.png</texture>
						</control>
						<control type="image">
							<width>1725</width>
							<height>217</height>
							<texture border="4">listselect_fo.png</texture>
							<visible>Control.HasFocus(510)</visible>
							<include>VisibleFadeAnimation</include>
						</control>
						<control type="image">
							<left>12</left>
							<top>11</top>
							<width>195</width>
							<height>195</height>
							<aspectratio>stretch</aspectratio>
							<texture background="true">$INFO[ListItem.Icon]</texture>
							<bordertexture border="2">thumbs/panel_border3.png</bordertexture>
							<bordersize>2</bordersize>
						</control>
						<control type="group">
							<left>225</left>
							<top>10</top>
							<control type="label">
								<width>1470</width>
								<height>50</height>
								<label>$INFO[ListItem.Label]</label>
								<font>font16_title_bold</font>
							</control>
							<control type="label">
								<top>45</top>
								<width>980</width>
								<height>50</height>
								<label>$INFO[ListItem.Genre]</label>
								<font>font14</font>
							</control>
							<control type="label">
								<top>55</top>
								<width>1480</width>
								<height>35</height>
								<label>$INFO[ListItem.Property(Artist_YearsActive)]</label>
								<align>right</align>
								<font>font14</font>
							</control>
							<control type="textbox">
								<top>95</top>
								<width>1480</width>
								<height>108</height>
								<label>$VAR[OtherPlotVar]</label>
								<font>font14_textbox</font>
								<autoscroll time="3500" delay="4000" repeat="5000">Skin.HasSetting(Enable.AutoScroll)</autoscroll>
								<visible>!ListItem.IsParentFolder</visible>
							</control>
						</control>
					</focusedlayout>
					<itemlayout width="1725" height="217" condition="Container.Content(albums)">
						<control type="image">
							<width>1725</width>
							<height>217</height>
							<texture border="5">separator2.png</texture>
						</control>
						<control type="image">
							<left>12</left>
							<top>11</top>
							<width>195</width>
							<height>195</height>
							<aspectratio>stretch</aspectratio>
							<texture background="true">$INFO[ListItem.Icon]</texture>
							<bordertexture border="2">thumbs/panel_border3.png</bordertexture>
							<bordersize>2</bordersize>
						</control>
						<control type="group">
							<left>225</left>
							<top>10</top>
							<control type="label">
								<width>1470</width>
								<height>50</height>
								<label>$INFO[ListItem.Label]$INFO[ListItem.Year, (,)]</label>
								<font>font16_title_bold</font>
								<textcolor>grey</textcolor>
							</control>
							<control type="image">
								<top>40</top>
								<width>180</width>
								<height>70</height>
								<aspectratio>keep</aspectratio>
								<colordiffuse>grey</colordiffuse>
								<texture fallback="flags/rating/0.0.png">$INFO[ListItem.Rating,flags/rating/,.png]</texture>
								<visible>!ListItem.IsParentFolder + String.IsEmpty(ListItem.UserRating)</visible>
							</control>
							<control type="image">
								<top>40</top>
								<width>180</width>
								<height>70</height>
								<aspectratio>keep</aspectratio>
								<colordiffuse>themecolor</colordiffuse>
								<texture>$INFO[ListItem.UserRating,flags/rating/,.png]</texture>
								<visible>!ListItem.IsParentFolder + !String.IsEmpty(ListItem.UserRating)</visible>
							</control>
							<control type="label">
								<top>55</top>
								<width>1480</width>
								<height>35</height>
								<label>$INFO[ListItem.Genre]</label>
								<align>right</align>
								<font>font14</font>
								<textcolor>grey2</textcolor>
							</control>
							<control type="textbox">
								<top>95</top>
								<width>1480</width>
								<height>108</height>
								<label>$VAR[OtherPlotVar]</label>
								<autoscroll>false</autoscroll>
								<font>font14_textbox</font>
								<textcolor>grey</textcolor>
								<visible>!ListItem.IsParentFolder</visible>
							</control>
						</control>
					</itemlayout>
					<focusedlayout width="1725" height="217" condition="Container.Content(albums)">
						<control type="image">
							<width>1725</width>
							<height>217</height>
							<texture border="5">separator2.png</texture>
						</control>
						<control type="image">
							<width>1725</width>
							<height>217</height>
							<texture border="4">listselect_fo.png</texture>
							<visible>Control.HasFocus(510)</visible>
							<include>VisibleFadeAnimation</include>
						</control>
						<control type="image">
							<left>12</left>
							<top>11</top>
							<width>195</width>
							<height>195</height>
							<aspectratio>stretch</aspectratio>
							<texture background="true">$INFO[ListItem.Icon]</texture>
							<bordertexture border="2">thumbs/panel_border3.png</bordertexture>
							<bordersize>2</bordersize>
						</control>
						<control type="group">
							<left>225</left>
							<top>10</top>
							<control type="label">
								<width>1470</width>
								<height>50</height>
								<label>$INFO[ListItem.Label]$INFO[ListItem.Year, (,)]</label>
								<font>font16_title_bold</font>
							</control>
							<control type="image">
								<top>40</top>
								<width>180</width>
								<height>70</height>
								<aspectratio>keep</aspectratio>
								<texture fallback="flags/rating/0.0.png">$INFO[ListItem.Rating,flags/rating/,.png]</texture>
								<visible>!ListItem.IsParentFolder + String.IsEmpty(ListItem.UserRating)</visible>
							</control>
							<control type="image">
								<top>40</top>
								<width>180</width>
								<height>70</height>
								<aspectratio>keep</aspectratio>
								<colordiffuse>themecolor</colordiffuse>
								<texture>$INFO[ListItem.UserRating,flags/rating/,.png]</texture>
								<visible>!ListItem.IsParentFolder + !String.IsEmpty(ListItem.UserRating)</visible>
							</control>
							<control type="label">
								<top>55</top>
								<width>1480</width>
								<height>35</height>
								<label>$INFO[ListItem.Genre]</label>
								<align>right</align>
								<font>font14</font>
							</control>
							<control type="textbox">
								<top>95</top>
								<width>1480</width>
								<height>108</height>
								<label>$VAR[OtherPlotVar]</label>
								<font>font14_textbox</font>
								<autoscroll time="3500" delay="4000" repeat="5000">Skin.HasSetting(Enable.AutoScroll)</autoscroll>
								<visible>!ListItem.IsParentFolder</visible>
							</control>
						</control>
					</focusedlayout>
				</control>
				<control type="scrollbar" id="51060">
					<left>1725</left>
					<top>151</top>
					<width>12</width>
					<height>868</height>
					<onup>51060</onup>
					<ondown>51060</ondown>
					<onleft>510</onleft>
					<onright>SetProperty(MediaMenu,True,home)</onright>
					<onright>SetFocus(9050)</onright>
					<texturesliderbackground />
					<texturesliderbar colordiffuse="55ffffff" border="1">scrollbar/texturesliderbar2.png</texturesliderbar>
					<texturesliderbarfocus border="1">scrollbar/texturesliderbar2.png</texturesliderbarfocus>
					<showonepage>false</showonepage>
					<orientation>vertical</orientation>
					<animation effect="fade" start="100" end="0" time="500" delay="500" condition="!Control.HasFocus(51060) + !Container.Scrolling">Conditional</animation>
				</control>
			</control>
		</control>
	</include>
</includes>