<?xml version="1.0" encoding="UTF-8" standalone="yes"?>
<addon id="metadata.common.musicbrainz.org"
       name="MusicBrainz Scraper Library"
        version="2.2.1"
       provider-name="Team Kodi">
  <requires>
    <import addon="xbmc.metadata" version="2.1.0"/>
  </requires>
  <extension point="xbmc.metadata.scraper.library"
             library="musicbrainz.xml"/>
  <extension point="xbmc.addon.metadata">
    <platform>all</platform>
    <summary lang="bg">Библиотека за сваляне на музикална инф. от MusicBrainz</summary>
    <summary lang="en">MusicBrainz Music Scraper Library</summary>
    <summary lang="de">Musik-Scraper für musicbrainz.org</summary>
    <summary lang="es">Scraper de música de MusicBrainz</summary>
    <summary lang="fi">MusicBrainz musiikkitietojen lataajan kirjasto</summary>
    <summary lang="fr">Scraper MusicBrainz pour la musique</summary>
    <summary lang="hu">MusicBrainz zenei adat leolvasó</summary>
    <summary lang="nl">MusicBrainz-scraperfuncties</summary>
    <summary lang="pl">Scraper muzyki MusicBrainz</summary>
    <summary lang="pt">Scraper de música MusicBrainz</summary>
    <summary lang="ro">Bibliotecă catalog de muzică MusicBrainz</summary>
    <summary lang="ru">Музыкальная Информация MusicBrainz</summary>
    <summary lang="se">Skrapa för musicbrainz.org</summary>
    <summary lang="zh">MusicBrainz音乐刮削器代码库</summary>
    <description lang="bg">Извлича инф. за музикални файлове от www.musicbrainz.org</description>
    <description lang="en">Download Music information from www.musicbrainz.org</description>
    <description lang="de">Downloade Musik Informationen von www.musicbrainz.org</description>
    <description lang="es">Descarga información musical de www.musicbrainz.org</description>
    <description lang="fi">Lataa musiikkitietoja osoitteesta www.musicbrainz.org</description>
    <description lang="fr">Télécharger les infos musicales depuis www.musicbrainz.org</description>
    <description lang="hu">Zene információk letöltése a www.musicbrainz.org webhelyről</description>
    <description lang="nl">Muziekinformatie ophalen van www.musicbrainz.org</description>
    <description lang="pl">Pobieraj informacje o muzyce z www.musicbrainz.org</description>
    <description lang="pt">Descarregar informação de música de www.musicbrainz.org</description>
    <description lang="ro">Descărcați informații muzică de pe www.musicbrainz.org</description>
    <description lang="ru">Загружать информацию о Музыке с www.musicbrainz.org</description>
    <description lang="se">Ladda ner musikinformation från www.musicbrainz.org</description>
    <description lang="zh">从www.musicbrainz.org下载音乐信息</description>
  </extension>
</addon>
