﻿<?xml version="1.0" encoding="UTF-8"?>
<addon
  id="visualization.vortex"
  version="2.0.2"
  name="Vortex"
  provider-name="Team-Kodi">
  <requires>
<import addon="kodi.binary.global.main" version="1.0.13"/>
<import addon="kodi.binary.instance.visualization" version="2.0.1"/></requires>
  <extension
    point="xbmc.player.musicviz"
    library_windows="visualization.vortex.dll"/>
  <extension point="xbmc.addon.metadata">
    <summary lang="af">Vortex Visualisasie van die XBOX paket</summary>
    <summary lang="ar">تصور دوامة من حزمة XBOX</summary>
    <summary lang="bg">Визуализацията Vortex  от пакета за XBOX</summary>
    <summary lang="ca">Visualització Vortex del paquet d'XBOX</summary>
    <summary lang="cs">Vizualizace Vortex z balíčku XBOX</summary>
    <summary lang="da">Vortex visualisering fra XBOX pakken</summary>
    <summary lang="de">Vortex Visualisierung aus dem XBOX Paket</summary>
    <summary lang="el">Οπτικοποίηση Δίνης από το πακέτο XBOX</summary>
    <summary lang="en">Vortex Visualization from XBOX package</summary>
    <summary lang="en_AU">Vortex Visualisation from XBOX package</summary>
    <summary lang="en_NZ">Vortex Visualisation from XBOX package</summary>
    <summary lang="en_US">Vortex Visualization from XBOX package</summary>
    <summary lang="es">Visualización Vortex del paquete XBOX</summary>
    <summary lang="es_AR">Visualización Vortex del paquete XBOX</summary>
    <summary lang="es_MX">Visualización Vortex desde el paquete de XBOX</summary>
    <summary lang="et">Vortex visuaal XBOX-i paketist</summary>
    <summary lang="fi">Vortex-visualisaatiot XBOX-paketista</summary>
    <summary lang="fr">Visualisation Vortex du Package XBOX</summary>
    <summary lang="fr_CA">Visualisation Vortex du paquet XBOX</summary>
    <summary lang="gl">Visualización Vortex do paquete XBOX</summary>
    <summary lang="he">ויזואליזציה של מערבולת מחבילת ה-XBOX</summary>
    <summary lang="hr">Vortex vizualizacija iz XBOX paketa</summary>
    <summary lang="hu">Vortex vizualizáció az XBOX csomagból</summary>
    <summary lang="id">Visualisasi Vortex dari paket XBOX</summary>
    <summary lang="is">Vortex sjónræn upplifun frá XBOX pakkanum</summary>
    <summary lang="it">Visualizzazione vortice dal package XBOX</summary>
    <summary lang="ja">XBOX パッケージ由来の渦巻きビジュアライザー</summary>
    <summary lang="ko">XBOX 패키지의 Vortex 시각화</summary>
    <summary lang="lt">Vortex vizualicija iš Kodi paketo</summary>
    <summary lang="lv">Vortex vizualizācija no XBOX pakotnes</summary>
    <summary lang="mk">Vortex визуелизација од пакетот на XBOX</summary>
    <summary lang="nl">Vortexvisualisatie van XBOX pakket</summary>
    <summary lang="no">Tornado Visualisering fra XBOX pakke</summary>
    <summary lang="pl">Wizualizacja Vortex z XBOX</summary>
    <summary lang="pt">Visualização Vortex do pacote XBOX</summary>
    <summary lang="pt_BR">Visualização Vortex do pacote XBOX</summary>
    <summary lang="ru">Vortex визуализация из пакета XBOX</summary>
    <summary lang="sk">Vortex vizualizácia z XBOX balíčku</summary>
    <summary lang="sl">Vizualizacija Vortex iz paketa XBOX</summary>
    <summary lang="sv">Vortex Visualization från XBOX-paketet</summary>
    <summary lang="ta_IN">XBOX தொகுப்பில் இருந்து Vortex காட்சிஅமைப்பு</summary>
    <summary lang="tg">Таҷассуми Vortex аз бастаи XBOX</summary>
    <summary lang="th">การแสดง Vortex จาก XBOX package</summary>
    <summary lang="tr">XBOX paketinden Vortex Görsel Öğe</summary>
    <summary lang="zh">来自 XBOX 组件包的旋涡可视化效果</summary>
    <platform>windows-x86_64</platform>
  </extension>
</addon>
