<?xml version="1.0" encoding="UTF-8"?>
<!-- Foundation -->
<window id="502">
    <defaultcontrol always="true">50</defaultcontrol>
    <menucontrol>9000</menucontrol>
    <views>50,505,506,507,508,500,503,54,57,51</views>
    
    <controls>

        <include>GlobalBackground</include>
        <include>Furniture_Header</include>
        <include>Furniture_Clock</include>
        <include>Furniture_Weather</include>
        <include>Furniture_NowPlaying</include>
		<include>Furniture_Flags_Audio</include>
        <include>View_50_List_Square</include>
        <include condition="!Skin.HasSetting(51bigwide.showinfo)">View_51_BigWide</include>
        <include condition="Skin.HasSetting(51bigwide.showinfo)">View_51_BigWide_Info</include>
		
        <include condition="Skin.HasSetting(thumbnails.alternatealbumview)">View_500_Thumbnails</include>
		<include condition="!Skin.HasSetting(thumbnails.alternatealbumview)">View_500_Thumbnails22</include>
        <include>View_503_Poster_Square</include>
		<include>View_508_Cd_Square</include>
        <include>View_505_506_Wall</include>
        <include>View_54_Banner</include>
        <include condition="!Skin.HasSetting(57list.low)">View_57_ExtraInfo</include>
        <include condition="Skin.HasSetting(57list.low)">View_57_ExtraInfo_LowList</include>
        
        <control type="group">
            <include>Animation.FadeIn</include>
            <include>Animation.FadeOut</include>
            <visible>ControlGroup(9000).HasFocus()</visible>
            <include>GlobalOverlay</include>
        </control>
        <control type="group">
            <include>Def9000Background</include>
            <include>Def9000Arrows</include>
            <control type="grouplist" id="9000">
                <include>Def9000GroupList</include>
                <include>Def9000MusicSide</include>
                
                <control type="radiobutton" id="9007" description="Low List (57)">
                    <include>DefContextButton</include>
                    <align>left</align>
                    <label>31142</label>
                    <selected>Skin.HasSetting(57list.low)</selected>
                    <onclick>Skin.ToggleSetting(57list.low)</onclick>
                    <onclick>ReloadSkin()</onclick>
                    <visible>Control.IsVisible(57)</visible>
                </control>
                
				<!--<control type="radiobutton" id="9006" description="Alternative Ansicht">
                    <include>DefContextButton</include>
                    <align>left</align>
                    <label>Alternative Ansicht</label>
                    <selected>Skin.HasSetting(thumbnails.alternatealbumview)</selected>
                    <onclick>Skin.ToggleSetting(thumbnails.alternatealbumview)</onclick>
                    <onclick>ReloadSkin()</onclick>
                    <visible>Control.IsVisible(500)</visible>
                </control>-->
				
				<control type="radiobutton" id="9005" description="Erweiterte Informationen">
                    <include>DefContextButton</include>
                    <align>left</align>
                    <label>Erweiterte Informationen</label>
                    <selected>Skin.HasSetting(thumbnails.moreinfos)</selected>
                    <onclick>Skin.ToggleSetting(thumbnails.moreinfos)</onclick>
                    
                    <visible>Container.Content(songs)</visible>
                </control>
				
				
                <control type="radiobutton" id="9008" description="Big Wide Info (51)">
                    <include>DefContextButton</include>
                    <align>left</align>
                    <label>31147</label>
                    <selected>Skin.HasSetting(51bigwide.showinfo)</selected>
                    <onclick>Skin.ToggleSetting(51bigwide.showinfo)</onclick>
                    <onclick>ReloadSkin()</onclick>
                    <visible>Control.IsVisible(51)</visible>
                </control>
              
                <control type="button" id="9091">
                    <description>Global Search</description>
                    <include>DefContextButton</include>
                    <align>left</align>
                    <label>137</label>
                    <onclick>RunScript(script.globalsearch,artists=true&amp;albums=true&amp;songs=true)</onclick>
                </control>

                <control type="radiobutton" id="16">
                    <description>PartyMode</description>
                    <include>DefContextButton</include>
                    <align>left</align>
                    <label>589</label>
                </control>

                <control type="radiobutton" id="98">
                    <visible>Container.CanFilterAdvanced</visible>
                    <description>Filter</description>
                    <include>DefContextButton</include>
                    <label>587</label>
                    <align>left</align>
                    <onclick>SetFocus(50)</onclick>
                    <onclick>Filter</onclick>
                    <selected>Container.Filtered</selected>
                </control>

                <control type="button" id="20">
                    <description>Update</description>
                    <align>left</align>
                    <label>653</label>
                    <include>DefContextButton</include>
                </control>
            </control>
        </control>
        

    </controls>

</window>
