﻿<?xml version="1.0" encoding="UTF-8" standalone="yes"?>
<addon id="repository.lunatixz" name="Lunatixz Beta Repository" version="1.0.6" provider-name="Lunatixz">
    <extension point="xbmc.addon.repository" name="Lunatixz Beta Repository">
        <info compressed="false">http://raw.github.com/Lunatixz/KODI_Addons/master/addons.xml</info>
        <checksum>http://raw.github.com/Lunatixz/KODI_Addons/master/addons.xml.md5</checksum>
        <datadir zip="true">http://raw.github.com/Lunatixz/KODI_Addons/master/zips</datadir>
    </extension>
    <extension point="xbmc.addon.metadata">
        <summary lang="en_GB"></summary>
        <description lang="en_GB"></description>
        <platform>all</platform>
        <source>http://raw.github.com/Lunatixz/KODI_Addons</source>
        <assets>
            <icon>icon.png</icon>
        </assets>
    </extension>
</addon>
