<?xml version="1.0" encoding="UTF-8" standalone="yes"?>
<addon id="script.embuary.info" name="Embuary Info" version="1.2.0" provider-name="sualfred">
	<requires>
		<import addon="xbmc.python" version="2.26.0"/>
		<import addon="script.module.requests" version="2.9.1"/>
		<import addon="script.module.arrow" version="0.10.0"/>
		<import addon="script.module.simplecache" version="1.0.17" />
	</requires>
	<extension point="xbmc.python.script" library="default.py" />
	<extension point="xbmc.python.pluginsource" library="plugin.py">
	  <provides>video</provides>
	</extension>
	<extension point="xbmc.addon.metadata">
		<summary lang="en_GB">Embuary Info Script</summary>
		<summary lang="de_DE">Embuary Info Script</summary>
		<description lang="en_GB">Helper script to provide The Movie DB informations for persons, shows and movies. Works best with a skin integration.</description>
		<description lang="de_DE">Helfer Script das Abfragen von The Movie DB informationen für Personen, Serien und Filme zu ermöglichen. Funktioniert am besten mit einer Skin Integration.</description>
		<platform>all</platform>
		<license>Apache-2.0</license>
		<forum>https://forum.kodi.tv/showthread.php?tid=346034</forum>
		<source>https://github.com/sualfred/script.embuary.info</source>
		<assets>
			<icon>resources/icon.png</icon>
			<fanart>resources/fanart.jpg</fanart>
		</assets>
	</extension>
</addon>